Admin2,Crop,Area,Admin1
Arusha,banana_and_plantain _vop,3477018.34375,Arusha
Arusha,bean _vop,1375376.37890625,Arusha
Arusha,cassava _vop,75242.8002929688,Arusha
Arusha,cereals _vop,4782633.32971191,Arusha
Arusha,groundnut _vop,0,Arusha
Arusha,pulses _vop,3506979.80859375,Arusha
Arusha,rice _vop,2004869.4140625,Arusha
Arusha,sorghum _vop,243264.700805664,Arusha
Arusha,total _vop,29895046.2441406,Arusha
Arusha,wheat _vop,0,Arusha
Arusha Urban,banana_and_plantain _vop,105163.703125,Arusha
Arusha Urban,bean _vop,190113.4921875,Arusha
Arusha Urban,cassava _vop,24098.9000244141,Arusha
Arusha Urban,cereals _vop,1210700.75,Arusha
Arusha Urban,groundnut _vop,0,Arusha
Arusha Urban,pulses _vop,879155.837402344,Arusha
Arusha Urban,rice _vop,675304.90625,Arusha
Arusha Urban,sorghum _vop,51710.8017578125,Arusha
Arusha Urban,total _vop,16064270.25,Arusha
Arusha Urban,wheat _vop,0,Arusha
Babati,banana_and_plantain _vop,3586120.21160889,Manyara
Babati,bean _vop,12386991.1332092,Manyara
Babati,cassava _vop,122939.098674774,Manyara
Babati,cereals _vop,18080188.2553711,Manyara
Babati,groundnut _vop,196901.398880005,Manyara
Babati,pulses _vop,20652041.7000275,Manyara
Babati,rice _vop,2940714.31245041,Manyara
Babati,sorghum _vop,467165.801315308,Manyara
Babati,total _vop,64979600.6875,Manyara
Babati,wheat _vop,660185.008381844,Manyara
Babati Urban,banana_and_plantain _vop,471151.6953125,Manyara
Babati Urban,bean _vop,1353460.2265625,Manyara
Babati Urban,cassava _vop,21027.7005615234,Manyara
Babati Urban,cereals _vop,2153645.7109375,Manyara
Babati Urban,groundnut _vop,45109.099609375,Manyara
Babati Urban,pulses _vop,3036574.75,Manyara
Babati Urban,rice _vop,651280.50390625,Manyara
Babati Urban,sorghum _vop,49434.2993164063,Manyara
Babati Urban,total _vop,7731335.75,Manyara
Babati Urban,wheat _vop,33482.7001953125,Manyara
Bagamoyo,banana_and_plantain _vop,382802.298461914,Pwani
Bagamoyo,bean _vop,1263,Pwani
Bagamoyo,cassava _vop,22045965.9289246,Pwani
Bagamoyo,cereals _vop,30307370.7421722,Pwani
Bagamoyo,groundnut _vop,225.799995422363,Pwani
Bagamoyo,pulses _vop,8882635.15100098,Pwani
Bagamoyo,rice _vop,21585029.3427734,Pwani
Bagamoyo,sorghum _vop,1252658.10778427,Pwani
Bagamoyo,total _vop,128661935.764893,Pwani
Bagamoyo,wheat _vop,0,Pwani
Bahi,banana_and_plantain _vop,0,Dodoma
Bahi,bean _vop,0,Dodoma
Bahi,cassava _vop,1113273.59655762,Dodoma
Bahi,cereals _vop,7008670.7166748,Dodoma
Bahi,groundnut _vop,2414058.60791016,Dodoma
Bahi,pulses _vop,956079.598083496,Dodoma
Bahi,rice _vop,328954.896560669,Dodoma
Bahi,sorghum _vop,2134591.30446625,Dodoma
Bahi,total _vop,36681364.3969727,Dodoma
Bahi,wheat _vop,0,Dodoma
Bariadi,banana_and_plantain _vop,0,Simiyu
Bariadi,bean _vop,3446974.90505981,Simiyu
Bariadi,cassava _vop,1892277.4060173,Simiyu
Bariadi,cereals _vop,23023349.7590218,Simiyu
Bariadi,groundnut _vop,2475406.30314636,Simiyu
Bariadi,pulses _vop,12136628.290062,Simiyu
Bariadi,rice _vop,12093939.5394592,Simiyu
Bariadi,sorghum _vop,3235762.2118969,Simiyu
Bariadi,total _vop,66194668.2701721,Simiyu
Bariadi,wheat _vop,0,Simiyu
Biharamulo,banana_and_plantain _vop,9521617.71057129,Kagera
Biharamulo,bean _vop,5483560.4970398,Kagera
Biharamulo,cassava _vop,7227533.38565063,Kagera
Biharamulo,cereals _vop,6968275.77758789,Kagera
Biharamulo,groundnut _vop,1264363.28430176,Kagera
Biharamulo,pulses _vop,5854731.60993958,Kagera
Biharamulo,rice _vop,2155920.77160645,Kagera
Biharamulo,sorghum _vop,275480.602422714,Kagera
Biharamulo,total _vop,36651330.5478516,Kagera
Biharamulo,wheat _vop,0,Kagera
Buhigwe,banana_and_plantain _vop,23241581.3886719,Kigoma
Buhigwe,bean _vop,3016668.90625,Kigoma
Buhigwe,cassava _vop,220849.90625,Kigoma
Buhigwe,cereals _vop,2319024.3828125,Kigoma
Buhigwe,groundnut _vop,32298.2001953125,Kigoma
Buhigwe,pulses _vop,3526412.50390625,Kigoma
Buhigwe,rice _vop,155951,Kigoma
Buhigwe,sorghum _vop,0,Kigoma
Buhigwe,total _vop,48476030.90625,Kigoma
Buhigwe,wheat _vop,0,Kigoma
Bukoba Rural,banana_and_plantain _vop,15630965.65625,Kagera
Bukoba Rural,bean _vop,11910029.8203125,Kagera
Bukoba Rural,cassava _vop,5957870.6953125,Kagera
Bukoba Rural,cereals _vop,6048697.0078125,Kagera
Bukoba Rural,groundnut _vop,577171,Kagera
Bukoba Rural,pulses _vop,12192812.953125,Kagera
Bukoba Rural,rice _vop,1369351.08398438,Kagera
Bukoba Rural,sorghum _vop,1660689.19238281,Kagera
Bukoba Rural,total _vop,58820647.9375,Kagera
Bukoba Rural,wheat _vop,0,Kagera
Bukoba Urban,banana_and_plantain _vop,2228685.875,Kagera
Bukoba Urban,bean _vop,1115291.5625,Kagera
Bukoba Urban,cassava _vop,699152.6875,Kagera
Bukoba Urban,cereals _vop,787595.40625,Kagera
Bukoba Urban,groundnut _vop,0,Kagera
Bukoba Urban,pulses _vop,1642789,Kagera
Bukoba Urban,rice _vop,99399.1015625,Kagera
Bukoba Urban,sorghum _vop,78825.1015625,Kagera
Bukoba Urban,total _vop,8217871.25,Kagera
Bukoba Urban,wheat _vop,0,Kagera
Bukombe,banana_and_plantain _vop,270540.998348236,Geita
Bukombe,bean _vop,12674570.196167,Geita
Bukombe,cassava _vop,13419364.6459389,Geita
Bukombe,cereals _vop,21313285.0089645,Geita
Bukombe,groundnut _vop,7938029.68951797,Geita
Bukombe,pulses _vop,16303684.526062,Geita
Bukombe,rice _vop,11830449.5553284,Geita
Bukombe,sorghum _vop,154316.698755264,Geita
Bukombe,total _vop,75896671.5048828,Geita
Bukombe,wheat _vop,0,Geita
Bunda,banana_and_plantain _vop,0,Mara
Bunda,bean _vop,2275540.20985413,Mara
Bunda,cassava _vop,4581325.16342735,Mara
Bunda,cereals _vop,7999190.61959076,Mara
Bunda,groundnut _vop,276158.498733521,Mara
Bunda,pulses _vop,3748602.62106323,Mara
Bunda,rice _vop,1870381.38315582,Mara
Bunda,sorghum _vop,3081214.69192505,Mara
Bunda,total _vop,26393644.0184326,Mara
Bunda,wheat _vop,0,Mara
Busega,banana_and_plantain _vop,131271.298706055,Simiyu
Busega,bean _vop,1020477.30215454,Simiyu
Busega,cassava _vop,838941.390625,Simiyu
Busega,cereals _vop,7762409.453125,Simiyu
Busega,groundnut _vop,342152.397705078,Simiyu
Busega,pulses _vop,1729006.7175293,Simiyu
Busega,rice _vop,4328600.75390625,Simiyu
Busega,sorghum _vop,1093302.08984375,Simiyu
Busega,total _vop,18265451.7890625,Simiyu
Busega,wheat _vop,0,Simiyu
Butiama,banana_and_plantain _vop,0,Mara
Butiama,bean _vop,1159053.79638672,Mara
Butiama,cassava _vop,3875100.1875,Mara
Butiama,cereals _vop,3033353.3046875,Mara
Butiama,groundnut _vop,21021.1003265381,Mara
Butiama,pulses _vop,1170761.49951172,Mara
Butiama,rice _vop,739194.80078125,Mara
Butiama,sorghum _vop,965554.098632813,Mara
Butiama,total _vop,10405835.5234375,Mara
Butiama,wheat _vop,0,Mara
Chake,banana_and_plantain _vop,0,Kusini Pemba
Chake,bean _vop,0,Kusini Pemba
Chake,cassava _vop,2680889.6875,Kusini Pemba
Chake,cereals _vop,3840642.875,Kusini Pemba
Chake,groundnut _vop,63423.501953125,Kusini Pemba
Chake,pulses _vop,76264.6015625,Kusini Pemba
Chake,rice _vop,3790125.125,Kusini Pemba
Chake,sorghum _vop,4379.09991455078,Kusini Pemba
Chake,total _vop,8065459.25,Kusini Pemba
Chake,wheat _vop,0,Kusini Pemba
Chamwino,banana_and_plantain _vop,0,Dodoma
Chamwino,bean _vop,0,Dodoma
Chamwino,cassava _vop,1269473.29937744,Dodoma
Chamwino,cereals _vop,3698789.01800537,Dodoma
Chamwino,groundnut _vop,2173221.60412598,Dodoma
Chamwino,pulses _vop,2124791.79714966,Dodoma
Chamwino,rice _vop,59808.6003437042,Dodoma
Chamwino,sorghum _vop,1161218.50390053,Dodoma
Chamwino,total _vop,34543740.0981445,Dodoma
Chamwino,wheat _vop,0,Dodoma
Chato,banana_and_plantain _vop,6496233.82653809,Geita
Chato,bean _vop,4436766.83984375,Geita
Chato,cassava _vop,4904462.19824219,Geita
Chato,cereals _vop,6084081.52734375,Geita
Chato,groundnut _vop,929834.400573731,Geita
Chato,pulses _vop,4605910.06054688,Geita
Chato,rice _vop,1845550.51123047,Geita
Chato,sorghum _vop,230076.400756836,Geita
Chato,total _vop,28601295.9765625,Geita
Chato,wheat _vop,0,Geita
Chemba,banana_and_plantain _vop,0,Dodoma
Chemba,bean _vop,1266260.69313812,Dodoma
Chemba,cassava _vop,2049164.90594482,Dodoma
Chemba,cereals _vop,8882752.47106934,Dodoma
Chemba,groundnut _vop,2860548.48881531,Dodoma
Chemba,pulses _vop,18282378.9333038,Dodoma
Chemba,rice _vop,8165.5999546051,Dodoma
Chemba,sorghum _vop,2376962.79636383,Dodoma
Chemba,total _vop,53389278.5717773,Dodoma
Chemba,wheat _vop,0,Dodoma
Chunya,banana_and_plantain _vop,0,Mbeya
Chunya,bean _vop,4600355.01807404,Mbeya
Chunya,cassava _vop,1059101.89960098,Mbeya
Chunya,cereals _vop,19655020.8757019,Mbeya
Chunya,groundnut _vop,2403910.31603622,Mbeya
Chunya,pulses _vop,4674178.69393158,Mbeya
Chunya,rice _vop,1786193.59755516,Mbeya
Chunya,sorghum _vop,1463680.90011597,Mbeya
Chunya,total _vop,42082649.0402832,Mbeya
Chunya,wheat _vop,0,Mbeya
Dodoma Urban,banana_and_plantain _vop,0,Dodoma
Dodoma Urban,bean _vop,0,Dodoma
Dodoma Urban,cassava _vop,69821.1005859375,Dodoma
Dodoma Urban,cereals _vop,153438.596923828,Dodoma
Dodoma Urban,groundnut _vop,32839.5004882813,Dodoma
Dodoma Urban,pulses _vop,183449.400390625,Dodoma
Dodoma Urban,rice _vop,2372.60001373291,Dodoma
Dodoma Urban,sorghum _vop,8497.59985351563,Dodoma
Dodoma Urban,total _vop,2331942.57714844,Dodoma
Dodoma Urban,wheat _vop,0,Dodoma
Gairo,banana_and_plantain _vop,331685.299957275,Morogoro
Gairo,bean _vop,4537152.22363281,Morogoro
Gairo,cassava _vop,2270694.97583008,Morogoro
Gairo,cereals _vop,7261105.1625061,Morogoro
Gairo,groundnut _vop,122110.299072266,Morogoro
Gairo,pulses _vop,5286993.69042969,Morogoro
Gairo,rice _vop,3247395.16796875,Morogoro
Gairo,sorghum _vop,77765.50025177,Morogoro
Gairo,total _vop,30641547.6328125,Morogoro
Gairo,wheat _vop,10966.1999835968,Morogoro
Geita,banana_and_plantain _vop,187035.896942139,Geita
Geita,bean _vop,15971621.046875,Geita
Geita,cassava _vop,28875652.3515625,Geita
Geita,cereals _vop,33784091.75,Geita
Geita,groundnut _vop,3352868.87890625,Geita
Geita,pulses _vop,17635300.859375,Geita
Geita,rice _vop,19689030.359375,Geita
Geita,sorghum _vop,329530.500854492,Geita
Geita,total _vop,103776042.625,Geita
Geita,wheat _vop,0,Geita
Hai,banana_and_plantain _vop,6279372.8125,Kilimanjaro
Hai,bean _vop,8326671.63476562,Kilimanjaro
Hai,cassava _vop,870686.998046875,Kilimanjaro
Hai,cereals _vop,7844803.69335938,Kilimanjaro
Hai,groundnut _vop,829736.90625,Kilimanjaro
Hai,pulses _vop,9317215.67578125,Kilimanjaro
Hai,rice _vop,4227212.484375,Kilimanjaro
Hai,sorghum _vop,248401.400779724,Kilimanjaro
Hai,total _vop,29691230.4746094,Kilimanjaro
Hai,wheat _vop,495280.606201172,Kilimanjaro
Hanang,banana_and_plantain _vop,27824.9002990723,Manyara
Hanang,bean _vop,14646967.8007813,Manyara
Hanang,cassava _vop,17758.0001296997,Manyara
Hanang,cereals _vop,9163758.91894531,Manyara
Hanang,groundnut _vop,14480.0999755859,Manyara
Hanang,pulses _vop,25983361.0371094,Manyara
Hanang,rice _vop,0,Manyara
Hanang,sorghum _vop,408164.697937012,Manyara
Hanang,total _vop,39694112.5742188,Manyara
Hanang,wheat _vop,1630249.49780273,Manyara
Handeni,banana_and_plantain _vop,13054344.4290619,Tanga
Handeni,bean _vop,0,Tanga
Handeni,cassava _vop,2180555.70240784,Tanga
Handeni,cereals _vop,20580261.5796204,Tanga
Handeni,groundnut _vop,617273.203296661,Tanga
Handeni,pulses _vop,1309247.39379883,Tanga
Handeni,rice _vop,7966616.6076355,Tanga
Handeni,sorghum _vop,315330.898666382,Tanga
Handeni,total _vop,52939838.3115234,Tanga
Handeni,wheat _vop,0,Tanga
Handeni Town,banana_and_plantain _vop,740004,Tanga
Handeni Town,bean _vop,0,Tanga
Handeni Town,cassava _vop,661599.3046875,Tanga
Handeni Town,cereals _vop,5898541.4453125,Tanga
Handeni Town,groundnut _vop,150935.299316406,Tanga
Handeni Town,pulses _vop,395973.996582031,Tanga
Handeni Town,rice _vop,1660275.09375,Tanga
Handeni Town,sorghum _vop,103901.499755859,Tanga
Handeni Town,total _vop,11871577.75,Tanga
Handeni Town,wheat _vop,0,Tanga
Igunga,banana_and_plantain _vop,0,Tabora
Igunga,bean _vop,57431.3984375,Tabora
Igunga,cassava _vop,1119970.40234375,Tabora
Igunga,cereals _vop,18103196.7097626,Tabora
Igunga,groundnut _vop,12408746.6835938,Tabora
Igunga,pulses _vop,1807128.80322266,Tabora
Igunga,rice _vop,6511079.3671875,Tabora
Igunga,sorghum _vop,3131367.60634613,Tabora
Igunga,total _vop,67640906.2695312,Tabora
Igunga,wheat _vop,0,Tabora
Ikungi,banana_and_plantain _vop,0,Singida
Ikungi,bean _vop,3219714.60488129,Singida
Ikungi,cassava _vop,2327008.2878418,Singida
Ikungi,cereals _vop,17652889.8500061,Singida
Ikungi,groundnut _vop,1201256.50527954,Singida
Ikungi,pulses _vop,13445788.7036133,Singida
Ikungi,rice _vop,300404.300094605,Singida
Ikungi,sorghum _vop,5831639.59228516,Singida
Ikungi,total _vop,76416353.796875,Singida
Ikungi,wheat _vop,0,Singida
Ilala,banana_and_plantain _vop,221874.4921875,Dar es Salaam
Ilala,bean _vop,0,Dar es Salaam
Ilala,cassava _vop,2091273.875,Dar es Salaam
Ilala,cereals _vop,1460461.9140625,Dar es Salaam
Ilala,groundnut _vop,0,Dar es Salaam
Ilala,pulses _vop,36277.0998535156,Dar es Salaam
Ilala,rice _vop,1361366.6015625,Dar es Salaam
Ilala,sorghum _vop,2335.5,Dar es Salaam
Ilala,total _vop,33412193.8125,Dar es Salaam
Ilala,wheat _vop,0,Dar es Salaam
Ileje,banana_and_plantain _vop,5794307.74584961,Songwe
Ileje,bean _vop,11849998.8860321,Songwe
Ileje,cassava _vop,2392798.38134766,Songwe
Ileje,cereals _vop,13992860.6407471,Songwe
Ileje,groundnut _vop,1891379.89668274,Songwe
Ileje,pulses _vop,12053443.8561554,Songwe
Ileje,rice _vop,4416141.6875,Songwe
Ileje,sorghum _vop,3983.60009765625,Songwe
Ileje,total _vop,54554400.1357422,Songwe
Ileje,wheat _vop,62152.6009531021,Songwe
Ilemela,banana_and_plantain _vop,79478.296875,Mwanza
Ilemela,bean _vop,0,Mwanza
Ilemela,cassava _vop,401451.3125,Mwanza
Ilemela,cereals _vop,270098.3125,Mwanza
Ilemela,groundnut _vop,0,Mwanza
Ilemela,pulses _vop,122305.296875,Mwanza
Ilemela,rice _vop,179264,Mwanza
Ilemela,sorghum _vop,18051.30078125,Mwanza
Ilemela,total _vop,2018167.25,Mwanza
Ilemela,wheat _vop,0,Mwanza
Iramba,banana_and_plantain _vop,0,Singida
Iramba,bean _vop,4560004.6159668,Singida
Iramba,cassava _vop,3222118.4196167,Singida
Iramba,cereals _vop,10894525.4443359,Singida
Iramba,groundnut _vop,1819882.18774414,Singida
Iramba,pulses _vop,4861504.89477539,Singida
Iramba,rice _vop,379966.099151611,Singida
Iramba,sorghum _vop,2220383.59765625,Singida
Iramba,total _vop,42849872.4360352,Singida
Iramba,wheat _vop,0,Singida
Iringa Rural,banana_and_plantain _vop,2084.09997558594,Iringa
Iringa Rural,bean _vop,10018405.109375,Iringa
Iringa Rural,cassava _vop,302.899993896484,Iringa
Iringa Rural,cereals _vop,26245076.7906303,Iringa
Iringa Rural,groundnut _vop,57089002.1932602,Iringa
Iringa Rural,pulses _vop,12835448.1089478,Iringa
Iringa Rural,rice _vop,10467311.2383728,Iringa
Iringa Rural,sorghum _vop,856952.697780609,Iringa
Iringa Rural,total _vop,200546813.755859,Iringa
Iringa Rural,wheat _vop,127350.503206253,Iringa
Iringa Urban,banana_and_plantain _vop,0,Iringa
Iringa Urban,bean _vop,309589.103515625,Iringa
Iringa Urban,cassava _vop,0,Iringa
Iringa Urban,cereals _vop,1931105.46875,Iringa
Iringa Urban,groundnut _vop,487539.1875,Iringa
Iringa Urban,pulses _vop,1319944.75,Iringa
Iringa Urban,rice _vop,573833.78125,Iringa
Iringa Urban,sorghum _vop,20225.900390625,Iringa
Iringa Urban,total _vop,26252597.875,Iringa
Iringa Urban,wheat _vop,18571.6007843018,Iringa
Itilima,banana_and_plantain _vop,0,Simiyu
Itilima,bean _vop,2295096.80093384,Simiyu
Itilima,cassava _vop,1207164.11024857,Simiyu
Itilima,cereals _vop,14398579.0855408,Simiyu
Itilima,groundnut _vop,1257596.10073853,Simiyu
Itilima,pulses _vop,20047357.4000244,Simiyu
Itilima,rice _vop,7432781.78637695,Simiyu
Itilima,sorghum _vop,2073790.7972641,Simiyu
Itilima,total _vop,54691447.0971069,Simiyu
Itilima,wheat _vop,0,Simiyu
Kahama,banana_and_plantain _vop,28.2000007629395,Shinyanga
Kahama,bean _vop,16765079.7519531,Shinyanga
Kahama,cassava _vop,8443492.99804687,Shinyanga
Kahama,cereals _vop,38103425.2287598,Shinyanga
Kahama,groundnut _vop,14392075.3145142,Shinyanga
Kahama,pulses _vop,17542215.2404785,Shinyanga
Kahama,rice _vop,18105135.6168213,Shinyanga
Kahama,sorghum _vop,1060189.69518662,Shinyanga
Kahama,total _vop,99610598.53125,Shinyanga
Kahama,wheat _vop,0,Shinyanga
Kahama Town,banana_and_plantain _vop,0,Shinyanga
Kahama Town,bean _vop,3930843.10644531,Shinyanga
Kahama Town,cassava _vop,1752310.79052734,Shinyanga
Kahama Town,cereals _vop,14407483.625,Shinyanga
Kahama Town,groundnut _vop,2864961.70166016,Shinyanga
Kahama Town,pulses _vop,4063480.49853516,Shinyanga
Kahama Town,rice _vop,7549498.359375,Shinyanga
Kahama Town,sorghum _vop,267581.195899963,Shinyanga
Kahama Town,total _vop,30432719.9375,Shinyanga
Kahama Town,wheat _vop,0,Shinyanga
Kakonko,banana_and_plantain _vop,46174156.2910156,Kigoma
Kakonko,bean _vop,14410719.3054199,Kigoma
Kakonko,cassava _vop,9761572.73144531,Kigoma
Kakonko,cereals _vop,12317241.0507813,Kigoma
Kakonko,groundnut _vop,1157454.10058594,Kigoma
Kakonko,pulses _vop,14268038.6101074,Kigoma
Kakonko,rice _vop,7210129.8671875,Kigoma
Kakonko,sorghum _vop,590435.198730469,Kigoma
Kakonko,total _vop,97787970.578125,Kigoma
Kakonko,wheat _vop,0,Kigoma
Kalambo,banana_and_plantain _vop,1605080.65597534,Rukwa
Kalambo,bean _vop,16863912.5524902,Rukwa
Kalambo,cassava _vop,990503.897827148,Rukwa
Kalambo,cereals _vop,22582955.2919922,Rukwa
Kalambo,groundnut _vop,775872.596557617,Rukwa
Kalambo,pulses _vop,16962940.0166016,Rukwa
Kalambo,rice _vop,5335562.77468872,Rukwa
Kalambo,sorghum _vop,2115746.39355469,Rukwa
Kalambo,total _vop,63932389.0488281,Rukwa
Kalambo,wheat _vop,201748.101379395,Rukwa
Kaliua,banana_and_plantain _vop,8092.39990234375,Tabora
Kaliua,bean _vop,6687793.49438477,Tabora
Kaliua,cassava _vop,2862932.28337097,Tabora
Kaliua,cereals _vop,10394492.5116596,Tabora
Kaliua,groundnut _vop,6562653.21014786,Tabora
Kaliua,pulses _vop,6712819.09338379,Tabora
Kaliua,rice _vop,2739052.59899902,Tabora
Kaliua,sorghum _vop,111261.499799728,Tabora
Kaliua,total _vop,82446404.2880859,Tabora
Kaliua,wheat _vop,0,Tabora
Karagwe,banana_and_plantain _vop,111827747.298431,Kagera
Karagwe,bean _vop,10908017.2792969,Kagera
Karagwe,cassava _vop,1107707.19866943,Kagera
Karagwe,cereals _vop,4160603.09320831,Kagera
Karagwe,groundnut _vop,203757.798339844,Kagera
Karagwe,pulses _vop,11372464.5812988,Kagera
Karagwe,rice _vop,8248.49987792969,Kagera
Karagwe,sorghum _vop,405726.702468872,Kagera
Karagwe,total _vop,149679521.259277,Kagera
Karagwe,wheat _vop,0,Kagera
Karatu,banana_and_plantain _vop,28.2000007629395,Arusha
Karatu,bean _vop,10329415.432251,Arusha
Karatu,cassava _vop,20871.100774765,Arusha
Karatu,cereals _vop,19994838.7871208,Arusha
Karatu,groundnut _vop,17096.30078125,Arusha
Karatu,pulses _vop,22328398.9257813,Arusha
Karatu,rice _vop,11154253.7167969,Arusha
Karatu,sorghum _vop,130646.00050354,Arusha
Karatu,total _vop,125851687.320313,Arusha
Karatu,wheat _vop,1462505.09492207,Arusha
Kaskazini 'A',banana_and_plantain _vop,0,Kaskazini Unguja
Kaskazini 'A',bean _vop,19604.7998046875,Kaskazini Unguja
Kaskazini 'A',cassava _vop,1662850.84375,Kaskazini Unguja
Kaskazini 'A',cereals _vop,1713154.125,Kaskazini Unguja
Kaskazini 'A',groundnut _vop,15517.599609375,Kaskazini Unguja
Kaskazini 'A',pulses _vop,139008.49609375,Kaskazini Unguja
Kaskazini 'A',rice _vop,1460027.5625,Kaskazini Unguja
Kaskazini 'A',sorghum _vop,37437.099609375,Kaskazini Unguja
Kaskazini 'A',total _vop,10061193.75,Kaskazini Unguja
Kaskazini 'A',wheat _vop,0,Kaskazini Unguja
Kaskazini 'B',banana_and_plantain _vop,0,Kaskazini Unguja
Kaskazini 'B',bean _vop,25317.80078125,Kaskazini Unguja
Kaskazini 'B',cassava _vop,1231294.25,Kaskazini Unguja
Kaskazini 'B',cereals _vop,1435174.5,Kaskazini Unguja
Kaskazini 'B',groundnut _vop,9337.5,Kaskazini Unguja
Kaskazini 'B',pulses _vop,138203.90625,Kaskazini Unguja
Kaskazini 'B',rice _vop,1183315.125,Kaskazini Unguja
Kaskazini 'B',sorghum _vop,32392.19921875,Kaskazini Unguja
Kaskazini 'B',total _vop,8822518,Kaskazini Unguja
Kaskazini 'B',wheat _vop,0,Kaskazini Unguja
Kasulu,banana_and_plantain _vop,37851893.9488983,Kigoma
Kasulu,bean _vop,17184068.1989746,Kigoma
Kasulu,cassava _vop,482554.296875,Kigoma
Kasulu,cereals _vop,13499987.9718018,Kigoma
Kasulu,groundnut _vop,101224.90234375,Kigoma
Kasulu,pulses _vop,17184687.4765625,Kigoma
Kasulu,rice _vop,363236.102539063,Kigoma
Kasulu,sorghum _vop,7406.2001953125,Kigoma
Kasulu,total _vop,86282247.8691406,Kigoma
Kasulu,wheat _vop,0,Kigoma
Kasulu Town,banana_and_plantain _vop,1994322.11181641,Kigoma
Kasulu Town,bean _vop,4505202.78125,Kigoma
Kasulu Town,cassava _vop,0,Kigoma
Kasulu Town,cereals _vop,3696058.765625,Kigoma
Kasulu Town,groundnut _vop,0,Kigoma
Kasulu Town,pulses _vop,4460596.65625,Kigoma
Kasulu Town,rice _vop,0,Kigoma
Kasulu Town,sorghum _vop,0,Kigoma
Kasulu Town,total _vop,11242553.515625,Kigoma
Kasulu Town,wheat _vop,0,Kigoma
Kati,banana_and_plantain _vop,0,Kusini Unguja
Kati,bean _vop,9441.40007019043,Kusini Unguja
Kati,cassava _vop,3982725.8359375,Kusini Unguja
Kati,cereals _vop,2993391.78204346,Kusini Unguja
Kati,groundnut _vop,38613.2001953125,Kusini Unguja
Kati,pulses _vop,121937.300170898,Kusini Unguja
Kati,rice _vop,2665496.58203125,Kusini Unguja
Kati,sorghum _vop,17114.3995895386,Kusini Unguja
Kati,total _vop,34261517.3623047,Kusini Unguja
Kati,wheat _vop,0,Kusini Unguja
Kibaha,banana_and_plantain _vop,3323.30004882813,Pwani
Kibaha,bean _vop,240.600006103516,Pwani
Kibaha,cassava _vop,645470.525390625,Pwani
Kibaha,cereals _vop,6093537.796875,Pwani
Kibaha,groundnut _vop,135.399993896484,Pwani
Kibaha,pulses _vop,72537.2999267578,Pwani
Kibaha,rice _vop,5879006.9453125,Pwani
Kibaha,sorghum _vop,50076.1991271973,Pwani
Kibaha,total _vop,17997112.7631836,Pwani
Kibaha,wheat _vop,0,Pwani
Kibaha Urban,banana_and_plantain _vop,0,Pwani
Kibaha Urban,bean _vop,0,Pwani
Kibaha Urban,cassava _vop,547570.375,Pwani
Kibaha Urban,cereals _vop,4330842,Pwani
Kibaha Urban,groundnut _vop,0,Pwani
Kibaha Urban,pulses _vop,83197.0997924805,Pwani
Kibaha Urban,rice _vop,4249075,Pwani
Kibaha Urban,sorghum _vop,11846.900390625,Pwani
Kibaha Urban,total _vop,11945437.5976563,Pwani
Kibaha Urban,wheat _vop,0,Pwani
Kibondo,banana_and_plantain _vop,59607894.331665,Kigoma
Kibondo,bean _vop,22850905.5908127,Kigoma
Kibondo,cassava _vop,15778275.7505341,Kigoma
Kibondo,cereals _vop,17585574.2510452,Kigoma
Kibondo,groundnut _vop,2539913.99293137,Kigoma
Kibondo,pulses _vop,22651632.1902161,Kigoma
Kibondo,rice _vop,9073468.62359619,Kigoma
Kibondo,sorghum _vop,1058591.80518341,Kigoma
Kibondo,total _vop,139717425.005249,Kigoma
Kibondo,wheat _vop,0,Kigoma
Kigoma Rural,banana_and_plantain _vop,41664122.96875,Kigoma
Kigoma Rural,bean _vop,930462.482421875,Kigoma
Kigoma Rural,cassava _vop,2472397.18554687,Kigoma
Kigoma Rural,cereals _vop,2473227.890625,Kigoma
Kigoma Rural,groundnut _vop,777771.597167969,Kigoma
Kigoma Rural,pulses _vop,1593435.70214844,Kigoma
Kigoma Rural,rice _vop,2001222.3125,Kigoma
Kigoma Rural,sorghum _vop,0,Kigoma
Kigoma Rural,total _vop,85142259.1484375,Kigoma
Kigoma Rural,wheat _vop,0,Kigoma
Kilindi,banana_and_plantain _vop,5223230.41421509,Tanga
Kilindi,bean _vop,21145732.2839355,Tanga
Kilindi,cassava _vop,5183872.62322998,Tanga
Kilindi,cereals _vop,9980309.23040771,Tanga
Kilindi,groundnut _vop,29456.4006042481,Tanga
Kilindi,pulses _vop,22188956.2362061,Tanga
Kilindi,rice _vop,505061.896484375,Tanga
Kilindi,sorghum _vop,25229.8998985291,Tanga
Kilindi,total _vop,49085630.9013672,Tanga
Kilindi,wheat _vop,2493,Tanga
Kilolo,banana_and_plantain _vop,0,Iringa
Kilolo,bean _vop,6813485.40718079,Iringa
Kilolo,cassava _vop,1066602.09326172,Iringa
Kilolo,cereals _vop,14106659.9335327,Iringa
Kilolo,groundnut _vop,36945666.3438721,Iringa
Kilolo,pulses _vop,12958285.4782715,Iringa
Kilolo,rice _vop,860514.206119538,Iringa
Kilolo,sorghum _vop,250908.001251221,Iringa
Kilolo,total _vop,186207726.383301,Iringa
Kilolo,wheat _vop,898333.893413544,Iringa
Kilombero,banana_and_plantain _vop,7095898.2677002,Morogoro
Kilombero,bean _vop,3745379.63484955,Morogoro
Kilombero,cassava _vop,4616015.68239212,Morogoro
Kilombero,cereals _vop,44941504.4766617,Morogoro
Kilombero,groundnut _vop,1626047.71283722,Morogoro
Kilombero,pulses _vop,4370570.34133911,Morogoro
Kilombero,rice _vop,33466825.2459259,Morogoro
Kilombero,sorghum _vop,350329.699094772,Morogoro
Kilombero,total _vop,69822099.0241089,Morogoro
Kilombero,wheat _vop,0,Morogoro
Kilosa,banana_and_plantain _vop,6126076.43115234,Morogoro
Kilosa,bean _vop,8102477.48979187,Morogoro
Kilosa,cassava _vop,4818030.99153137,Morogoro
Kilosa,cereals _vop,36167318.0051575,Morogoro
Kilosa,groundnut _vop,626791.799362183,Morogoro
Kilosa,pulses _vop,9679973.19818115,Morogoro
Kilosa,rice _vop,23657343.5311813,Morogoro
Kilosa,sorghum _vop,211101.501623154,Morogoro
Kilosa,total _vop,65748593.6508789,Morogoro
Kilosa,wheat _vop,3408.19994735718,Morogoro
Kilwa,banana_and_plantain _vop,0,Lindi
Kilwa,bean _vop,0,Lindi
Kilwa,cassava _vop,7162099.63986206,Lindi
Kilwa,cereals _vop,9634127.11560059,Lindi
Kilwa,groundnut _vop,120486.701393127,Lindi
Kilwa,pulses _vop,5734662.68933106,Lindi
Kilwa,rice _vop,5265669.4765625,Lindi
Kilwa,sorghum _vop,1758103.4058609,Lindi
Kilwa,total _vop,75651702.1567383,Lindi
Kilwa,wheat _vop,0,Lindi
Kinondoni,banana_and_plantain _vop,1211.09999084473,Dar es Salaam
Kinondoni,bean _vop,0,Dar es Salaam
Kinondoni,cassava _vop,0,Dar es Salaam
Kinondoni,cereals _vop,24.5,Dar es Salaam
Kinondoni,groundnut _vop,0,Dar es Salaam
Kinondoni,pulses _vop,134.300003051758,Dar es Salaam
Kinondoni,rice _vop,0,Dar es Salaam
Kinondoni,sorghum _vop,0,Dar es Salaam
Kinondoni,total _vop,2802197.25,Dar es Salaam
Kinondoni,wheat _vop,0,Dar es Salaam
Kisarawe,banana_and_plantain _vop,14335.5,Pwani
Kisarawe,bean _vop,5111.7001953125,Pwani
Kisarawe,cassava _vop,2649812.79638672,Pwani
Kisarawe,cereals _vop,12673322.3320313,Pwani
Kisarawe,groundnut _vop,135.399993896484,Pwani
Kisarawe,pulses _vop,1276824.39648437,Pwani
Kisarawe,rice _vop,10611162.9765625,Pwani
Kisarawe,sorghum _vop,965875.998046875,Pwani
Kisarawe,total _vop,76422108.140625,Pwani
Kisarawe,wheat _vop,0,Pwani
Kishapu,banana_and_plantain _vop,0,Shinyanga
Kishapu,bean _vop,0,Shinyanga
Kishapu,cassava _vop,515835.203491211,Shinyanga
Kishapu,cereals _vop,7919908.27880859,Shinyanga
Kishapu,groundnut _vop,2759274.61303711,Shinyanga
Kishapu,pulses _vop,2864571.890625,Shinyanga
Kishapu,rice _vop,1880887.70507813,Shinyanga
Kishapu,sorghum _vop,1587159.70175171,Shinyanga
Kishapu,total _vop,39119527.46875,Shinyanga
Kishapu,wheat _vop,0,Shinyanga
Kiteto,banana_and_plantain _vop,0,Manyara
Kiteto,bean _vop,1549569.59793091,Manyara
Kiteto,cassava _vop,366926.197998047,Manyara
Kiteto,cereals _vop,8786214.98779297,Manyara
Kiteto,groundnut _vop,70823.5000228882,Manyara
Kiteto,pulses _vop,8528089.36935425,Manyara
Kiteto,rice _vop,18317.6000976563,Manyara
Kiteto,sorghum _vop,9432.100025177,Manyara
Kiteto,total _vop,21799632.0658569,Manyara
Kiteto,wheat _vop,1420,Manyara
Kondoa,banana_and_plantain _vop,647.700012207031,Dodoma
Kondoa,bean _vop,1446794.1108017,Dodoma
Kondoa,cassava _vop,2349656.38393021,Dodoma
Kondoa,cereals _vop,6865096.00356293,Dodoma
Kondoa,groundnut _vop,1669984.20605469,Dodoma
Kondoa,pulses _vop,13359785.9769592,Dodoma
Kondoa,rice _vop,55009.7993774414,Dodoma
Kondoa,sorghum _vop,2084041.40075684,Dodoma
Kondoa,total _vop,41744807.0999756,Dodoma
Kondoa,wheat _vop,14342.900390625,Dodoma
Kongwa,banana_and_plantain _vop,0,Dodoma
Kongwa,bean _vop,771928.103271485,Dodoma
Kongwa,cassava _vop,3281661.41503906,Dodoma
Kongwa,cereals _vop,6470252.21875,Dodoma
Kongwa,groundnut _vop,1696508.70275879,Dodoma
Kongwa,pulses _vop,1248198.29553223,Dodoma
Kongwa,rice _vop,0,Dodoma
Kongwa,sorghum _vop,2566627.4861393,Dodoma
Kongwa,total _vop,16193833.6796875,Dodoma
Kongwa,wheat _vop,0,Dodoma
Korogwe,banana_and_plantain _vop,4714141.703125,Tanga
Korogwe,bean _vop,1165186.28125,Tanga
Korogwe,cassava _vop,6765651.69335937,Tanga
Korogwe,cereals _vop,12170659.7876892,Tanga
Korogwe,groundnut _vop,65227.7998046875,Tanga
Korogwe,pulses _vop,1425761.99804688,Tanga
Korogwe,rice _vop,2935242.71240234,Tanga
Korogwe,sorghum _vop,346753.5,Tanga
Korogwe,total _vop,48841769.4643555,Tanga
Korogwe,wheat _vop,757.299987792969,Tanga
Korogwe Town,banana_and_plantain _vop,0,Tanga
Korogwe Town,bean _vop,0,Tanga
Korogwe Town,cassava _vop,0,Tanga
Korogwe Town,cereals _vop,130113.80078125,Tanga
Korogwe Town,groundnut _vop,0,Tanga
Korogwe Town,pulses _vop,0,Tanga
Korogwe Town,rice _vop,65346.4990234375,Tanga
Korogwe Town,sorghum _vop,0,Tanga
Korogwe Town,total _vop,1471634.0234375,Tanga
Korogwe Town,wheat _vop,0,Tanga
Kusini,banana_and_plantain _vop,0,Kusini Unguja
Kusini,bean _vop,541.300003051758,Kusini Unguja
Kusini,cassava _vop,157975.201171875,Kusini Unguja
Kusini,cereals _vop,242614.59375,Kusini Unguja
Kusini,groundnut _vop,6044.80004882813,Kusini Unguja
Kusini,pulses _vop,4614.50006103516,Kusini Unguja
Kusini,rice _vop,225605.59765625,Kusini Unguja
Kusini,sorghum _vop,506.999996185303,Kusini Unguja
Kusini,total _vop,1430709,Kusini Unguja
Kusini,wheat _vop,0,Kusini Unguja
Kwimba,banana_and_plantain _vop,0,Mwanza
Kwimba,bean _vop,15575.599609375,Mwanza
Kwimba,cassava _vop,7645259.69836426,Mwanza
Kwimba,cereals _vop,27490633.3125,Mwanza
Kwimba,groundnut _vop,2597923.29101562,Mwanza
Kwimba,pulses _vop,6526346.046875,Mwanza
Kwimba,rice _vop,19770034.765625,Mwanza
Kwimba,sorghum _vop,1619741.78710938,Mwanza
Kwimba,total _vop,66023305.125,Mwanza
Kwimba,wheat _vop,0,Mwanza
Kyela,banana_and_plantain _vop,17231486,Mbeya
Kyela,bean _vop,500045.90246582,Mbeya
Kyela,cassava _vop,851967.703125,Mbeya
Kyela,cereals _vop,20323128.5625,Mbeya
Kyela,groundnut _vop,470533.294921875,Mbeya
Kyela,pulses _vop,751350.510253906,Mbeya
Kyela,rice _vop,17511134.96875,Mbeya
Kyela,sorghum _vop,0,Mbeya
Kyela,total _vop,49636718.125,Mbeya
Kyela,wheat _vop,0,Mbeya
Kyerwa,banana_and_plantain _vop,58753348.5390625,Kagera
Kyerwa,bean _vop,12554896.0507812,Kagera
Kyerwa,cassava _vop,83139.999206543,Kagera
Kyerwa,cereals _vop,4114611.88769531,Kagera
Kyerwa,groundnut _vop,496.299987792969,Kagera
Kyerwa,pulses _vop,13145006.8347473,Kagera
Kyerwa,rice _vop,1114.59997558594,Kagera
Kyerwa,sorghum _vop,417112.099792481,Kagera
Kyerwa,total _vop,87295806.9003906,Kagera
Kyerwa,wheat _vop,331.5,Kagera
Lake Eyasi,banana_and_plantain _vop,0,Arusha
Lake Eyasi,banana_and_plantain _vop,0,Simiyu
Lake Eyasi,bean _vop,0,Arusha
Lake Eyasi,bean _vop,0,Simiyu
Lake Eyasi,cassava _vop,0,Arusha
Lake Eyasi,cassava _vop,0,Simiyu
Lake Eyasi,cereals _vop,0,Arusha
Lake Eyasi,cereals _vop,0,Simiyu
Lake Eyasi,groundnut _vop,0,Arusha
Lake Eyasi,groundnut _vop,0,Simiyu
Lake Eyasi,pulses _vop,0,Arusha
Lake Eyasi,pulses _vop,0,Simiyu
Lake Eyasi,rice _vop,0,Arusha
Lake Eyasi,rice _vop,0,Simiyu
Lake Eyasi,sorghum _vop,0,Arusha
Lake Eyasi,sorghum _vop,0,Simiyu
Lake Eyasi,total _vop,145709.5,Arusha
Lake Eyasi,total _vop,145709.5,Simiyu
Lake Eyasi,wheat _vop,0,Arusha
Lake Eyasi,wheat _vop,0,Simiyu
Lake Manyara,banana_and_plantain _vop,,Arusha
Lake Manyara,banana_and_plantain _vop,,Manyara
Lake Manyara,bean _vop,,Arusha
Lake Manyara,bean _vop,,Manyara
Lake Manyara,cassava _vop,,Arusha
Lake Manyara,cassava _vop,,Manyara
Lake Manyara,cereals _vop,,Arusha
Lake Manyara,cereals _vop,,Manyara
Lake Manyara,groundnut _vop,,Arusha
Lake Manyara,groundnut _vop,,Manyara
Lake Manyara,pulses _vop,,Arusha
Lake Manyara,pulses _vop,,Manyara
Lake Manyara,rice _vop,,Arusha
Lake Manyara,rice _vop,,Manyara
Lake Manyara,sorghum _vop,,Arusha
Lake Manyara,sorghum _vop,,Manyara
Lake Manyara,total _vop,,Arusha
Lake Manyara,total _vop,,Manyara
Lake Manyara,wheat _vop,,Arusha
Lake Manyara,wheat _vop,,Manyara
Lake Rukwa,banana_and_plantain _vop,28839.7003936768,Katavi
Lake Rukwa,banana_and_plantain _vop,28839.7003936768,Rukwa
Lake Rukwa,banana_and_plantain _vop,28839.7003936768,Songwe
Lake Rukwa,bean _vop,265286.296607971,Katavi
Lake Rukwa,bean _vop,265286.296607971,Rukwa
Lake Rukwa,bean _vop,265286.296607971,Songwe
Lake Rukwa,cassava _vop,30147.1002426147,Katavi
Lake Rukwa,cassava _vop,30147.1002426147,Rukwa
Lake Rukwa,cassava _vop,30147.1002426147,Songwe
Lake Rukwa,cereals _vop,685684.38923645,Katavi
Lake Rukwa,cereals _vop,685684.38923645,Rukwa
Lake Rukwa,cereals _vop,685684.38923645,Songwe
Lake Rukwa,groundnut _vop,140966.297107697,Katavi
Lake Rukwa,groundnut _vop,140966.297107697,Rukwa
Lake Rukwa,groundnut _vop,140966.297107697,Songwe
Lake Rukwa,pulses _vop,272294.506042481,Katavi
Lake Rukwa,pulses _vop,272294.506042481,Rukwa
Lake Rukwa,pulses _vop,272294.506042481,Songwe
Lake Rukwa,rice _vop,204032.202535629,Katavi
Lake Rukwa,rice _vop,204032.202535629,Rukwa
Lake Rukwa,rice _vop,204032.202535629,Songwe
Lake Rukwa,sorghum _vop,56693.900062561,Katavi
Lake Rukwa,sorghum _vop,56693.900062561,Rukwa
Lake Rukwa,sorghum _vop,56693.900062561,Songwe
Lake Rukwa,total _vop,1392426.19458008,Katavi
Lake Rukwa,total _vop,1392426.19458008,Rukwa
Lake Rukwa,total _vop,1392426.19458008,Songwe
Lake Rukwa,wheat _vop,0,Katavi
Lake Rukwa,wheat _vop,0,Rukwa
Lake Rukwa,wheat _vop,0,Songwe
Lake Tanganyika,banana_and_plantain _vop,9517038.41162109,Katavi
Lake Tanganyika,banana_and_plantain _vop,9517038.41162109,Kigoma
Lake Tanganyika,banana_and_plantain _vop,9517038.41162109,Rukwa
Lake Tanganyika,bean _vop,119108.601463318,Katavi
Lake Tanganyika,bean _vop,119108.601463318,Kigoma
Lake Tanganyika,bean _vop,119108.601463318,Rukwa
Lake Tanganyika,cassava _vop,202631.996490479,Katavi
Lake Tanganyika,cassava _vop,202631.996490479,Kigoma
Lake Tanganyika,cassava _vop,202631.996490479,Rukwa
Lake Tanganyika,cereals _vop,206681.097259521,Katavi
Lake Tanganyika,cereals _vop,206681.097259521,Kigoma
Lake Tanganyika,cereals _vop,206681.097259521,Rukwa
Lake Tanganyika,groundnut _vop,37440.4001960754,Katavi
Lake Tanganyika,groundnut _vop,37440.4001960754,Kigoma
Lake Tanganyika,groundnut _vop,37440.4001960754,Rukwa
Lake Tanganyika,pulses _vop,153299.803123474,Katavi
Lake Tanganyika,pulses _vop,153299.803123474,Kigoma
Lake Tanganyika,pulses _vop,153299.803123474,Rukwa
Lake Tanganyika,rice _vop,103976.699607849,Katavi
Lake Tanganyika,rice _vop,103976.699607849,Kigoma
Lake Tanganyika,rice _vop,103976.699607849,Rukwa
Lake Tanganyika,sorghum _vop,0,Katavi
Lake Tanganyika,sorghum _vop,0,Kigoma
Lake Tanganyika,sorghum _vop,0,Rukwa
Lake Tanganyika,total _vop,10678507.3876953,Katavi
Lake Tanganyika,total _vop,10678507.3876953,Kigoma
Lake Tanganyika,total _vop,10678507.3876953,Rukwa
Lake Tanganyika,wheat _vop,0,Katavi
Lake Tanganyika,wheat _vop,0,Kigoma
Lake Tanganyika,wheat _vop,0,Rukwa
Lake Victoria,banana_and_plantain _vop,32259.9000244141,Geita
Lake Victoria,banana_and_plantain _vop,32259.9000244141,Kagera
Lake Victoria,banana_and_plantain _vop,32259.9000244141,Mara
Lake Victoria,banana_and_plantain _vop,32259.9000244141,Mwanza
Lake Victoria,banana_and_plantain _vop,32259.9000244141,Simiyu
Lake Victoria,bean _vop,111754.001464844,Geita
Lake Victoria,bean _vop,111754.001464844,Kagera
Lake Victoria,bean _vop,111754.001464844,Mara
Lake Victoria,bean _vop,111754.001464844,Mwanza
Lake Victoria,bean _vop,111754.001464844,Simiyu
Lake Victoria,cassava _vop,177770.401367188,Geita
Lake Victoria,cassava _vop,177770.401367188,Kagera
Lake Victoria,cassava _vop,177770.401367188,Mara
Lake Victoria,cassava _vop,177770.401367188,Mwanza
Lake Victoria,cassava _vop,177770.401367188,Simiyu
Lake Victoria,cereals _vop,1786093.453125,Geita
Lake Victoria,cereals _vop,1786093.453125,Kagera
Lake Victoria,cereals _vop,1786093.453125,Mara
Lake Victoria,cereals _vop,1786093.453125,Mwanza
Lake Victoria,cereals _vop,1786093.453125,Simiyu
Lake Victoria,groundnut _vop,20479.4998779297,Geita
Lake Victoria,groundnut _vop,20479.4998779297,Kagera
Lake Victoria,groundnut _vop,20479.4998779297,Mara
Lake Victoria,groundnut _vop,20479.4998779297,Mwanza
Lake Victoria,groundnut _vop,20479.4998779297,Simiyu
Lake Victoria,pulses _vop,299579.201171875,Geita
Lake Victoria,pulses _vop,299579.201171875,Kagera
Lake Victoria,pulses _vop,299579.201171875,Mara
Lake Victoria,pulses _vop,299579.201171875,Mwanza
Lake Victoria,pulses _vop,299579.201171875,Simiyu
Lake Victoria,rice _vop,1254525.75,Geita
Lake Victoria,rice _vop,1254525.75,Kagera
Lake Victoria,rice _vop,1254525.75,Mara
Lake Victoria,rice _vop,1254525.75,Mwanza
Lake Victoria,rice _vop,1254525.75,Simiyu
Lake Victoria,sorghum _vop,122065.397460938,Geita
Lake Victoria,sorghum _vop,122065.397460938,Kagera
Lake Victoria,sorghum _vop,122065.397460938,Mara
Lake Victoria,sorghum _vop,122065.397460938,Mwanza
Lake Victoria,sorghum _vop,122065.397460938,Simiyu
Lake Victoria,total _vop,3306229.0625,Geita
Lake Victoria,total _vop,3306229.0625,Kagera
Lake Victoria,total _vop,3306229.0625,Mara
Lake Victoria,total _vop,3306229.0625,Mwanza
Lake Victoria,total _vop,3306229.0625,Simiyu
Lake Victoria,wheat _vop,0,Geita
Lake Victoria,wheat _vop,0,Kagera
Lake Victoria,wheat _vop,0,Mara
Lake Victoria,wheat _vop,0,Mwanza
Lake Victoria,wheat _vop,0,Simiyu
Lindi Rural,banana_and_plantain _vop,28.2000007629395,Lindi
Lindi Rural,bean _vop,0,Lindi
Lindi Rural,cassava _vop,3839343.6829834,Lindi
Lindi Rural,cereals _vop,6653433.90185547,Lindi
Lindi Rural,groundnut _vop,2708067.98039246,Lindi
Lindi Rural,pulses _vop,7938269.55102539,Lindi
Lindi Rural,rice _vop,3477089.30505371,Lindi
Lindi Rural,sorghum _vop,1115571.79533386,Lindi
Lindi Rural,total _vop,74363235.4765625,Lindi
Lindi Rural,wheat _vop,0,Lindi
Lindi Urban,banana_and_plantain _vop,0,Lindi
Lindi Urban,bean _vop,0,Lindi
Lindi Urban,cassava _vop,1825526.91894531,Lindi
Lindi Urban,cereals _vop,1485048.1875,Lindi
Lindi Urban,groundnut _vop,750976.491210938,Lindi
Lindi Urban,pulses _vop,997402.001953125,Lindi
Lindi Urban,rice _vop,626420.8984375,Lindi
Lindi Urban,sorghum _vop,423130.893066406,Lindi
Lindi Urban,total _vop,21519906.65625,Lindi
Lindi Urban,wheat _vop,0,Lindi
Liwale,banana_and_plantain _vop,6167.89990234375,Lindi
Liwale,bean _vop,1323,Lindi
Liwale,cassava _vop,2126779.61363411,Lindi
Liwale,cereals _vop,3189435.2859726,Lindi
Liwale,groundnut _vop,1250153.60783386,Lindi
Liwale,pulses _vop,3902939.98669434,Lindi
Liwale,rice _vop,1239395.4009285,Lindi
Liwale,sorghum _vop,583609.102255821,Lindi
Liwale,total _vop,20292773.3378906,Lindi
Liwale,wheat _vop,0,Lindi
Longido,banana_and_plantain _vop,37070489.451416,Arusha
Longido,bean _vop,396687.701042175,Arusha
Longido,cassava _vop,8804.89977264404,Arusha
Longido,cereals _vop,1265277.90532684,Arusha
Longido,groundnut _vop,0,Arusha
Longido,pulses _vop,594130.310325623,Arusha
Longido,rice _vop,720987.801647186,Arusha
Longido,sorghum _vop,13213.2998027802,Arusha
Longido,total _vop,39699535.4155273,Arusha
Longido,wheat _vop,120660.700134277,Arusha
Ludewa,banana_and_plantain _vop,144423.698730469,Njombe
Ludewa,bean _vop,2534504.79956055,Njombe
Ludewa,cassava _vop,561734.49993515,Njombe
Ludewa,cereals _vop,10238118.916748,Njombe
Ludewa,groundnut _vop,8778006.23828125,Njombe
Ludewa,pulses _vop,3274964.2964325,Njombe
Ludewa,rice _vop,646659.303207398,Njombe
Ludewa,sorghum _vop,118421.800189972,Njombe
Ludewa,total _vop,94563126.171875,Njombe
Ludewa,wheat _vop,920298.392755508,Njombe
Lushoto,banana_and_plantain _vop,9353902.22192383,Tanga
Lushoto,bean _vop,15502137.1914063,Tanga
Lushoto,cassava _vop,19288402.4765625,Tanga
Lushoto,cereals _vop,13266600.7997437,Tanga
Lushoto,groundnut _vop,0,Tanga
Lushoto,pulses _vop,15658724.1640625,Tanga
Lushoto,rice _vop,2220304.15313721,Tanga
Lushoto,sorghum _vop,0,Tanga
Lushoto,total _vop,72488165.2097168,Tanga
Lushoto,wheat _vop,46231.7998199463,Tanga
Mafia,banana_and_plantain _vop,0,Pwani
Mafia,bean _vop,0,Pwani
Mafia,cassava _vop,0,Pwani
Mafia,cereals _vop,688990.390625,Pwani
Mafia,groundnut _vop,0,Pwani
Mafia,pulses _vop,641.099990844727,Pwani
Mafia,rice _vop,447871.0078125,Pwani
Mafia,sorghum _vop,238196.203125,Pwani
Mafia,total _vop,833885.09375,Pwani
Mafia,wheat _vop,0,Pwani
Mafinga Town,banana_and_plantain _vop,3605.20013427734,Iringa
Mafinga Town,bean _vop,3733110.1875,Iringa
Mafinga Town,cassava _vop,0,Iringa
Mafinga Town,cereals _vop,4040669.6875,Iringa
Mafinga Town,groundnut _vop,210840,Iringa
Mafinga Town,pulses _vop,3733110.25,Iringa
Mafinga Town,rice _vop,0,Iringa
Mafinga Town,sorghum _vop,5152.39990234375,Iringa
Mafinga Town,total _vop,12996628.125,Iringa
Mafinga Town,wheat _vop,149062.400390625,Iringa
Magharibi A,banana_and_plantain _vop,0,Mjini Magharibi
Magharibi A,bean _vop,8479.5,Mjini Magharibi
Magharibi A,cassava _vop,434941.3125,Mjini Magharibi
Magharibi A,cereals _vop,807778.5,Mjini Magharibi
Magharibi A,groundnut _vop,5864.10009765625,Mjini Magharibi
Magharibi A,pulses _vop,48299.19921875,Mjini Magharibi
Magharibi A,rice _vop,719926.1875,Mjini Magharibi
Magharibi A,sorghum _vop,9505.400390625,Mjini Magharibi
Magharibi A,total _vop,4176766.25,Mjini Magharibi
Magharibi A,wheat _vop,0,Mjini Magharibi
Magharibi B,banana_and_plantain _vop,0,Mjini Magharibi
Magharibi B,bean _vop,0,Mjini Magharibi
Magharibi B,cassava _vop,392488.6875,Mjini Magharibi
Magharibi B,cereals _vop,289932.40625,Mjini Magharibi
Magharibi B,groundnut _vop,8751.2998046875,Mjini Magharibi
Magharibi B,pulses _vop,9800.7998046875,Mjini Magharibi
Magharibi B,rice _vop,265092.3125,Mjini Magharibi
Magharibi B,sorghum _vop,76.6999969482422,Mjini Magharibi
Magharibi B,total _vop,2662980.5,Mjini Magharibi
Magharibi B,wheat _vop,0,Mjini Magharibi
Magu,banana_and_plantain _vop,220410.003601074,Mwanza
Magu,bean _vop,1017951.79296875,Mwanza
Magu,cassava _vop,1291149.80664062,Mwanza
Magu,cereals _vop,15617100.953125,Mwanza
Magu,groundnut _vop,576765.595703125,Mwanza
Magu,pulses _vop,1789943.015625,Mwanza
Magu,rice _vop,11398994.2265625,Mwanza
Magu,sorghum _vop,1204979.90429688,Mwanza
Magu,total _vop,31677160.1875,Mwanza
Magu,wheat _vop,0,Mwanza
Makambako Town,banana_and_plantain _vop,0,Njombe
Makambako Town,bean _vop,1852783.59179688,Njombe
Makambako Town,cassava _vop,271011.90234375,Njombe
Makambako Town,cereals _vop,2327220.921875,Njombe
Makambako Town,groundnut _vop,1794755.96875,Njombe
Makambako Town,pulses _vop,2531153.1328125,Njombe
Makambako Town,rice _vop,0,Njombe
Makambako Town,sorghum _vop,6008.19996643066,Njombe
Makambako Town,total _vop,13182382.9375,Njombe
Makambako Town,wheat _vop,115437.901000977,Njombe
Makete,banana_and_plantain _vop,51173.4999847412,Njombe
Makete,bean _vop,1696665.70678711,Njombe
Makete,cassava _vop,13611.2001953125,Njombe
Makete,cereals _vop,7400431.53494263,Njombe
Makete,groundnut _vop,469991.899219513,Njombe
Makete,pulses _vop,2851152.60531616,Njombe
Makete,rice _vop,543935.708618164,Njombe
Makete,sorghum _vop,71449.5995235443,Njombe
Makete,total _vop,48514488.467041,Njombe
Makete,wheat _vop,1035246.40488052,Njombe
Manyoni,banana_and_plantain _vop,0,Singida
Manyoni,bean _vop,4333524.00366211,Singida
Manyoni,cassava _vop,1941060.20662308,Singida
Manyoni,cereals _vop,8771071.02462769,Singida
Manyoni,groundnut _vop,3156514.30496216,Singida
Manyoni,pulses _vop,8435801.39842224,Singida
Manyoni,rice _vop,624571.700706482,Singida
Manyoni,sorghum _vop,2855141.70279694,Singida
Manyoni,total _vop,59481886.8607941,Singida
Manyoni,wheat _vop,0,Singida
Masasi,banana_and_plantain _vop,238608.198852539,Mtwara
Masasi,bean _vop,5532.7001953125,Mtwara
Masasi,cassava _vop,4642121.17684174,Mtwara
Masasi,cereals _vop,3921039.89163971,Mtwara
Masasi,groundnut _vop,2312079.60146332,Mtwara
Masasi,pulses _vop,15398357.9442139,Mtwara
Masasi,rice _vop,1264126.60838318,Mtwara
Masasi,sorghum _vop,752555.607146263,Mtwara
Masasi,total _vop,45653381.9135742,Mtwara
Masasi,wheat _vop,0,Mtwara
Masasi Town,banana_and_plantain _vop,14420.7998046875,Mtwara
Masasi Town,bean _vop,0,Mtwara
Masasi Town,cassava _vop,3093100.421875,Mtwara
Masasi Town,cereals _vop,2314732.90625,Mtwara
Masasi Town,groundnut _vop,1125649.921875,Mtwara
Masasi Town,pulses _vop,7712379.75,Mtwara
Masasi Town,rice _vop,674615.50390625,Mtwara
Masasi Town,sorghum _vop,474654.404296875,Mtwara
Masasi Town,total _vop,24458897,Mtwara
Masasi Town,wheat _vop,0,Mtwara
Maswa,banana_and_plantain _vop,3182.40002441406,Simiyu
Maswa,bean _vop,15275.2001953125,Simiyu
Maswa,cassava _vop,7546461.77471924,Simiyu
Maswa,cereals _vop,21311018.453125,Simiyu
Maswa,groundnut _vop,2241644.51513672,Simiyu
Maswa,pulses _vop,6623602.11328125,Simiyu
Maswa,rice _vop,13470683.1015625,Simiyu
Maswa,sorghum _vop,1683451.99804688,Simiyu
Maswa,total _vop,64020306.875,Simiyu
Maswa,wheat _vop,0,Simiyu
Mbarali,banana_and_plantain _vop,1042.20001220703,Mbeya
Mbarali,bean _vop,8545693.69590759,Mbeya
Mbarali,cassava _vop,1518026.28981781,Mbeya
Mbarali,cereals _vop,50852687.7619934,Mbeya
Mbarali,groundnut _vop,8636094.58096313,Mbeya
Mbarali,pulses _vop,9179329.59999847,Mbeya
Mbarali,rice _vop,42316024.1528473,Mbeya
Mbarali,sorghum _vop,1171055.1050415,Mbeya
Mbarali,total _vop,79977560.5179443,Mbeya
Mbarali,wheat _vop,1814.59997558594,Mbeya
Mbeya Rural,banana_and_plantain _vop,1205523.5,Mbeya
Mbeya Rural,bean _vop,7739130.59521484,Mbeya
Mbeya Rural,cassava _vop,4878.2998046875,Mbeya
Mbeya Rural,cereals _vop,19880971.5081787,Mbeya
Mbeya Rural,groundnut _vop,45470,Mbeya
Mbeya Rural,pulses _vop,8653173.17529297,Mbeya
Mbeya Rural,rice _vop,1727.80004882813,Mbeya
Mbeya Rural,sorghum _vop,121078.500507355,Mbeya
Mbeya Rural,total _vop,91099032.8242188,Mbeya
Mbeya Rural,wheat _vop,524928.899780274,Mbeya
Mbeya Urban,banana_and_plantain _vop,0,Mbeya
Mbeya Urban,bean _vop,584468.484375,Mbeya
Mbeya Urban,cassava _vop,0,Mbeya
Mbeya Urban,cereals _vop,2254578.375,Mbeya
Mbeya Urban,groundnut _vop,0,Mbeya
Mbeya Urban,pulses _vop,663900.890625,Mbeya
Mbeya Urban,rice _vop,0,Mbeya
Mbeya Urban,sorghum _vop,0,Mbeya
Mbeya Urban,total _vop,9191696.25,Mbeya
Mbeya Urban,wheat _vop,58634.1015625,Mbeya
Mbinga,banana_and_plantain _vop,1082616.49603271,Ruvuma
Mbinga,bean _vop,10477566.5917969,Ruvuma
Mbinga,cassava _vop,3289067.40820313,Ruvuma
Mbinga,cereals _vop,15191337.0830078,Ruvuma
Mbinga,groundnut _vop,1173,Ruvuma
Mbinga,pulses _vop,10689640.8251953,Ruvuma
Mbinga,rice _vop,5329335.81109619,Ruvuma
Mbinga,sorghum _vop,0,Ruvuma
Mbinga,total _vop,40030613.3046875,Ruvuma
Mbinga,wheat _vop,128171.299499512,Ruvuma
Mbogwe,banana_and_plantain _vop,12335.6000709534,Geita
Mbogwe,bean _vop,12153416.0546875,Geita
Mbogwe,cassava _vop,9067277.796875,Geita
Mbogwe,cereals _vop,20821040.9375,Geita
Mbogwe,groundnut _vop,6798032.00390625,Geita
Mbogwe,pulses _vop,14246508.96875,Geita
Mbogwe,rice _vop,11326015.8125,Geita
Mbogwe,sorghum _vop,164806.199584961,Geita
Mbogwe,total _vop,65608669.25,Geita
Mbogwe,wheat _vop,0,Geita
Mbozi,banana_and_plantain _vop,115893.896678925,Songwe
Mbozi,bean _vop,14968096.5623169,Songwe
Mbozi,cassava _vop,1221035.91168213,Songwe
Mbozi,cereals _vop,24245001.6044922,Songwe
Mbozi,groundnut _vop,3143247.31896973,Songwe
Mbozi,pulses _vop,15157387.295166,Songwe
Mbozi,rice _vop,4517268.52611542,Songwe
Mbozi,sorghum _vop,1934208.39310455,Songwe
Mbozi,total _vop,73410506.4467773,Songwe
Mbozi,wheat _vop,6895.39990234375,Songwe
Mbulu,banana_and_plantain _vop,6674.70007324219,Manyara
Mbulu,bean _vop,8180175.16308594,Manyara
Mbulu,cassava _vop,1305.50000190735,Manyara
Mbulu,cereals _vop,8467012.13222504,Manyara
Mbulu,groundnut _vop,1127.79998779297,Manyara
Mbulu,pulses _vop,10841575.8789062,Manyara
Mbulu,rice _vop,0,Manyara
Mbulu,sorghum _vop,263707.001684189,Manyara
Mbulu,total _vop,33001767.7867126,Manyara
Mbulu,wheat _vop,285564.496520996,Manyara
Meatu,banana_and_plantain _vop,0,Simiyu
Meatu,bean _vop,861594.197311401,Simiyu
Meatu,cassava _vop,184226.096969605,Simiyu
Meatu,cereals _vop,9286610.83825684,Simiyu
Meatu,groundnut _vop,563322.400169373,Simiyu
Meatu,pulses _vop,4363893.78808594,Simiyu
Meatu,rice _vop,1368343.89694595,Simiyu
Meatu,sorghum _vop,2652655.99691391,Simiyu
Meatu,total _vop,33284315.0710449,Simiyu
Meatu,wheat _vop,0,Simiyu
Meru,banana_and_plantain _vop,2398710.8984375,Arusha
Meru,bean _vop,1263251.703125,Arusha
Meru,cassava _vop,157985.499023438,Arusha
Meru,cereals _vop,7209616.578125,Arusha
Meru,groundnut _vop,0,Arusha
Meru,pulses _vop,4117362.49414062,Arusha
Meru,rice _vop,4656231.171875,Arusha
Meru,sorghum _vop,242895.000732422,Arusha
Meru,total _vop,26896815.6875,Arusha
Meru,wheat _vop,0,Arusha
Micheweni,banana_and_plantain _vop,,Kaskazini Pemba
Micheweni,bean _vop,,Kaskazini Pemba
Micheweni,cassava _vop,,Kaskazini Pemba
Micheweni,cereals _vop,,Kaskazini Pemba
Micheweni,groundnut _vop,,Kaskazini Pemba
Micheweni,pulses _vop,,Kaskazini Pemba
Micheweni,rice _vop,,Kaskazini Pemba
Micheweni,sorghum _vop,,Kaskazini Pemba
Micheweni,total _vop,,Kaskazini Pemba
Micheweni,wheat _vop,,Kaskazini Pemba
Missenyi,banana_and_plantain _vop,25435825.8012695,Kagera
Missenyi,bean _vop,14644747.1242676,Kagera
Missenyi,cassava _vop,5986409.6072998,Kagera
Missenyi,cereals _vop,7831168.76367188,Kagera
Missenyi,groundnut _vop,0,Kagera
Missenyi,pulses _vop,17880707.0994873,Kagera
Missenyi,rice _vop,1380943.39764404,Kagera
Missenyi,sorghum _vop,2200203.10076904,Kagera
Missenyi,total _vop,87237494.5898437,Kagera
Missenyi,wheat _vop,0,Kagera
Misungwi,banana_and_plantain _vop,1729931.10400391,Mwanza
Misungwi,bean _vop,295276.499511719,Mwanza
Misungwi,cassava _vop,3793088.4140625,Mwanza
Misungwi,cereals _vop,15603541.40625,Mwanza
Misungwi,groundnut _vop,807452.809570313,Mwanza
Misungwi,pulses _vop,5431347.828125,Mwanza
Misungwi,rice _vop,9739053.96875,Mwanza
Misungwi,sorghum _vop,484931.094726563,Mwanza
Misungwi,total _vop,57463336.625,Mwanza
Misungwi,wheat _vop,0,Mwanza
Mkalama,banana_and_plantain _vop,168.899993896484,Singida
Mkalama,bean _vop,2820098.40820313,Singida
Mkalama,cassava _vop,1987399.0012207,Singida
Mkalama,cereals _vop,6872562.38671875,Singida
Mkalama,groundnut _vop,641991.597045899,Singida
Mkalama,pulses _vop,3534688.39477539,Singida
Mkalama,rice _vop,257839.59954834,Singida
Mkalama,sorghum _vop,1626024.39819336,Singida
Mkalama,total _vop,28776613.3867188,Singida
Mkalama,wheat _vop,1199.19995117188,Singida
Mkinga,banana_and_plantain _vop,0,Tanga
Mkinga,bean _vop,0,Tanga
Mkinga,cassava _vop,0,Tanga
Mkinga,cereals _vop,0,Tanga
Mkinga,groundnut _vop,0,Tanga
Mkinga,pulses _vop,4434.69989013672,Tanga
Mkinga,rice _vop,0,Tanga
Mkinga,sorghum _vop,0,Tanga
Mkinga,total _vop,2981562.62231445,Tanga
Mkinga,wheat _vop,0,Tanga
Mkoani,banana_and_plantain _vop,0,Kusini Pemba
Mkoani,bean _vop,0,Kusini Pemba
Mkoani,cassava _vop,1537321.046875,Kusini Pemba
Mkoani,cereals _vop,2560337.40625,Kusini Pemba
Mkoani,groundnut _vop,61528.80078125,Kusini Pemba
Mkoani,pulses _vop,44846.900390625,Kusini Pemba
Mkoani,rice _vop,2524158.453125,Kusini Pemba
Mkoani,sorghum _vop,2228.19995117188,Kusini Pemba
Mkoani,total _vop,5044241.484375,Kusini Pemba
Mkoani,wheat _vop,0,Kusini Pemba
Mkuranga,banana_and_plantain _vop,966497.096191406,Pwani
Mkuranga,bean _vop,0,Pwani
Mkuranga,cassava _vop,17367190.0273437,Pwani
Mkuranga,cereals _vop,12917722.1308594,Pwani
Mkuranga,groundnut _vop,0,Pwani
Mkuranga,pulses _vop,187003.40045166,Pwani
Mkuranga,rice _vop,11107921.3759766,Pwani
Mkuranga,sorghum _vop,23555.099609375,Pwani
Mkuranga,total _vop,101360090.5,Pwani
Mkuranga,wheat _vop,0,Pwani
Mlele,banana_and_plantain _vop,2441913.65002441,Katavi
Mlele,bean _vop,7838714.9022522,Katavi
Mlele,cassava _vop,6708866.26999664,Katavi
Mlele,cereals _vop,56507518.0796852,Katavi
Mlele,groundnut _vop,3619919.08182526,Katavi
Mlele,pulses _vop,7871089.07798767,Katavi
Mlele,rice _vop,34289201.1003647,Katavi
Mlele,sorghum _vop,194220.799007416,Katavi
Mlele,total _vop,140619770.948608,Katavi
Mlele,wheat _vop,94.6999969482422,Katavi
Momba,banana_and_plantain _vop,87898.8974342346,Songwe
Momba,bean _vop,8029186.25097656,Songwe
Momba,cassava _vop,666330.602416992,Songwe
Momba,cereals _vop,18207103.7763672,Songwe
Momba,groundnut _vop,5007336.0222168,Songwe
Momba,pulses _vop,8191605.36694336,Songwe
Momba,rice _vop,4210655.60134888,Songwe
Momba,sorghum _vop,1439913.00036621,Songwe
Momba,total _vop,40549770.3789063,Songwe
Momba,wheat _vop,5775.09997558594,Songwe
Monduli,banana_and_plantain _vop,3518644.484375,Arusha
Monduli,bean _vop,3958611.39336395,Arusha
Monduli,cassava _vop,24297.0999755859,Arusha
Monduli,cereals _vop,11259238.028595,Arusha
Monduli,groundnut _vop,0,Arusha
Monduli,pulses _vop,4189875.5977478,Arusha
Monduli,rice _vop,6577640.2137146,Arusha
Monduli,sorghum _vop,24748.3000526428,Arusha
Monduli,total _vop,22032161.0690918,Arusha
Monduli,wheat _vop,1042394.69831467,Arusha
Morogoro Rural,banana_and_plantain _vop,6734754.70861816,Morogoro
Morogoro Rural,bean _vop,3820371.41571808,Morogoro
Morogoro Rural,cassava _vop,1614286.88844109,Morogoro
Morogoro Rural,cereals _vop,13882269.3850441,Morogoro
Morogoro Rural,groundnut _vop,82956.7994537354,Morogoro
Morogoro Rural,pulses _vop,6278255.95349121,Morogoro
Morogoro Rural,rice _vop,9815983.4245224,Morogoro
Morogoro Rural,sorghum _vop,296697.098506928,Morogoro
Morogoro Rural,total _vop,35174209.2880859,Morogoro
Morogoro Rural,wheat _vop,0,Morogoro
Morogoro Urban,banana_and_plantain _vop,2907687.21875,Morogoro
Morogoro Urban,bean _vop,1814175.5,Morogoro
Morogoro Urban,cassava _vop,136634,Morogoro
Morogoro Urban,cereals _vop,8596732.0625,Morogoro
Morogoro Urban,groundnut _vop,0,Morogoro
Morogoro Urban,pulses _vop,1814175.28125,Morogoro
Morogoro Urban,rice _vop,4715859.625,Morogoro
Morogoro Urban,sorghum _vop,339517.69921875,Morogoro
Morogoro Urban,total _vop,13714757.875,Morogoro
Morogoro Urban,wheat _vop,0,Morogoro
Moshi Rural,banana_and_plantain _vop,41063441,Kilimanjaro
Moshi Rural,bean _vop,5142137.703125,Kilimanjaro
Moshi Rural,cassava _vop,0,Kilimanjaro
Moshi Rural,cereals _vop,12344942.921875,Kilimanjaro
Moshi Rural,groundnut _vop,0,Kilimanjaro
Moshi Rural,pulses _vop,5142137.47265625,Kilimanjaro
Moshi Rural,rice _vop,1902423.60546875,Kilimanjaro
Moshi Rural,sorghum _vop,0,Kilimanjaro
Moshi Rural,total _vop,96902322.203125,Kilimanjaro
Moshi Rural,wheat _vop,0,Kilimanjaro
Mpanda Rural,banana_and_plantain _vop,14158996.8249512,Katavi
Mpanda Rural,bean _vop,3446973.51766968,Katavi
Mpanda Rural,cassava _vop,3353999.19108772,Katavi
Mpanda Rural,cereals _vop,23066611.7493134,Katavi
Mpanda Rural,groundnut _vop,1051449.39486313,Katavi
Mpanda Rural,pulses _vop,4069682.44823456,Katavi
Mpanda Rural,rice _vop,16458840.7804184,Katavi
Mpanda Rural,sorghum _vop,44483.2999477387,Katavi
Mpanda Rural,total _vop,79746554.4798584,Katavi
Mpanda Rural,wheat _vop,0,Katavi
Mpanda Urban,banana_and_plantain _vop,2287745.59375,Katavi
Mpanda Urban,bean _vop,298824.19921875,Katavi
Mpanda Urban,cassava _vop,247685.80078125,Katavi
Mpanda Urban,cereals _vop,2626927.15625,Katavi
Mpanda Urban,groundnut _vop,131041.90234375,Katavi
Mpanda Urban,pulses _vop,299145,Katavi
Mpanda Urban,rice _vop,1750982.609375,Katavi
Mpanda Urban,sorghum _vop,7252.39984130859,Katavi
Mpanda Urban,total _vop,8275372.25,Katavi
Mpanda Urban,wheat _vop,0,Katavi
Mpwapwa,banana_and_plantain _vop,0,Dodoma
Mpwapwa,bean _vop,3440059.11035156,Dodoma
Mpwapwa,cassava _vop,1181423.90026855,Dodoma
Mpwapwa,cereals _vop,9144764.51806641,Dodoma
Mpwapwa,groundnut _vop,2591202.09472656,Dodoma
Mpwapwa,pulses _vop,3444184.79101563,Dodoma
Mpwapwa,rice _vop,2536293.7902832,Dodoma
Mpwapwa,sorghum _vop,3677460.59523964,Dodoma
Mpwapwa,total _vop,36880238.7753906,Dodoma
Mpwapwa,wheat _vop,0,Dodoma
Mtwara Rural,banana_and_plantain _vop,930.10001373291,Mtwara
Mtwara Rural,bean _vop,0,Mtwara
Mtwara Rural,cassava _vop,4522367.72460938,Mtwara
Mtwara Rural,cereals _vop,6461023.015625,Mtwara
Mtwara Rural,groundnut _vop,1243457.79052734,Mtwara
Mtwara Rural,pulses _vop,2407324.00976563,Mtwara
Mtwara Rural,rice _vop,4700461.578125,Mtwara
Mtwara Rural,sorghum _vop,568185.296386719,Mtwara
Mtwara Rural,total _vop,43007736.5625,Mtwara
Mtwara Rural,wheat _vop,0,Mtwara
Mtwara Urban,banana_and_plantain _vop,0,Mtwara
Mtwara Urban,bean _vop,0,Mtwara
Mtwara Urban,cassava _vop,530658.296875,Mtwara
Mtwara Urban,cereals _vop,112507.296875,Mtwara
Mtwara Urban,groundnut _vop,8976.19995117188,Mtwara
Mtwara Urban,pulses _vop,13500,Mtwara
Mtwara Urban,rice _vop,40266.80078125,Mtwara
Mtwara Urban,sorghum _vop,57678.19921875,Mtwara
Mtwara Urban,total _vop,1643947,Mtwara
Mtwara Urban,wheat _vop,0,Mtwara
Mufindi,banana_and_plantain _vop,22247.5003662109,Iringa
Mufindi,bean _vop,19909500.1855469,Iringa
Mufindi,cassava _vop,623836.787475586,Iringa
Mufindi,cereals _vop,22229403.8100586,Iringa
Mufindi,groundnut _vop,36887656.2304688,Iringa
Mufindi,pulses _vop,24974768.2246094,Iringa
Mufindi,rice _vop,76193.7012557984,Iringa
Mufindi,sorghum _vop,22424.0999679565,Iringa
Mufindi,total _vop,116111555.695312,Iringa
Mufindi,wheat _vop,669935.800170899,Iringa
Muheza,banana_and_plantain _vop,0,Tanga
Muheza,bean _vop,0,Tanga
Muheza,cassava _vop,0,Tanga
Muheza,cereals _vop,5885715,Tanga
Muheza,groundnut _vop,0,Tanga
Muheza,pulses _vop,5333.29986572266,Tanga
Muheza,rice _vop,1392061.625,Tanga
Muheza,sorghum _vop,0,Tanga
Muheza,total _vop,9277902.53125,Tanga
Muheza,wheat _vop,0,Tanga
Muleba,banana_and_plantain _vop,59124716.7195282,Kagera
Muleba,bean _vop,14440602.8083496,Kagera
Muleba,cassava _vop,10248305.3635254,Kagera
Muleba,cereals _vop,9974566.04248047,Kagera
Muleba,groundnut _vop,529761.398620606,Kagera
Muleba,pulses _vop,18595816.5649414,Kagera
Muleba,rice _vop,377338.001281738,Kagera
Muleba,sorghum _vop,344171.897659302,Kagera
Muleba,total _vop,111701244.75,Kagera
Muleba,wheat _vop,0,Kagera
Musoma Rural,banana_and_plantain _vop,0,Mara
Musoma Rural,bean _vop,931982.1015625,Mara
Musoma Rural,cassava _vop,3918764.78125,Mara
Musoma Rural,cereals _vop,2171265.3984375,Mara
Musoma Rural,groundnut _vop,51379.3004150391,Mara
Musoma Rural,pulses _vop,941395.8984375,Mara
Musoma Rural,rice _vop,476176.90234375,Mara
Musoma Rural,sorghum _vop,699683.50390625,Mara
Musoma Rural,total _vop,9757345.9375,Mara
Musoma Rural,wheat _vop,0,Mara
Musoma Urban,banana_and_plantain _vop,0,Mara
Musoma Urban,bean _vop,70133.703125,Mara
Musoma Urban,cassava _vop,115136.1015625,Mara
Musoma Urban,cereals _vop,99850.5,Mara
Musoma Urban,groundnut _vop,0,Mara
Musoma Urban,pulses _vop,70842.203125,Mara
Musoma Urban,rice _vop,50164.8984375,Mara
Musoma Urban,sorghum _vop,0,Mara
Musoma Urban,total _vop,349257.1875,Mara
Musoma Urban,wheat _vop,0,Mara
Mvomero,banana_and_plantain _vop,560544.106445313,Morogoro
Mvomero,bean _vop,310792.092163086,Morogoro
Mvomero,cassava _vop,2356373.11505127,Morogoro
Mvomero,cereals _vop,42479359.9419708,Morogoro
Mvomero,groundnut _vop,5097.40005493164,Morogoro
Mvomero,pulses _vop,556168.89453125,Morogoro
Mvomero,rice _vop,35280177.6767578,Morogoro
Mvomero,sorghum _vop,30933.7999267578,Morogoro
Mvomero,total _vop,54919845.1359863,Morogoro
Mvomero,wheat _vop,0,Morogoro
Mwanga,banana_and_plantain _vop,1072196.91503906,Kilimanjaro
Mwanga,bean _vop,1633581.99157715,Kilimanjaro
Mwanga,cassava _vop,22009.80078125,Kilimanjaro
Mwanga,cereals _vop,5506611.45043945,Kilimanjaro
Mwanga,groundnut _vop,1283940.62158203,Kilimanjaro
Mwanga,pulses _vop,1853014.70605469,Kilimanjaro
Mwanga,rice _vop,3479498.8470459,Kilimanjaro
Mwanga,sorghum _vop,261.500005722046,Kilimanjaro
Mwanga,total _vop,20884334.2636719,Kilimanjaro
Mwanga,wheat _vop,0,Kilimanjaro
Nachingwea,banana_and_plantain _vop,1802.59997558594,Lindi
Nachingwea,bean _vop,300.700012207031,Lindi
Nachingwea,cassava _vop,7046221.6987915,Lindi
Nachingwea,cereals _vop,7421437.76708984,Lindi
Nachingwea,groundnut _vop,1636250.39489746,Lindi
Nachingwea,pulses _vop,10570739.5625,Lindi
Nachingwea,rice _vop,1714956.91149902,Lindi
Nachingwea,sorghum _vop,1921743.70773315,Lindi
Nachingwea,total _vop,47938802.7207031,Lindi
Nachingwea,wheat _vop,0,Lindi
Namtumbo,banana_and_plantain _vop,57426.1005859375,Ruvuma
Namtumbo,bean _vop,2372644.50840759,Ruvuma
Namtumbo,cassava _vop,3395961.7973938,Ruvuma
Namtumbo,cereals _vop,16418968.9234467,Ruvuma
Namtumbo,groundnut _vop,1980244.30157089,Ruvuma
Namtumbo,pulses _vop,3188846.2045517,Ruvuma
Namtumbo,rice _vop,6788485.22686768,Ruvuma
Namtumbo,sorghum _vop,63015.0003032684,Ruvuma
Namtumbo,total _vop,57482749.8502808,Ruvuma
Namtumbo,wheat _vop,0,Ruvuma
Nanyumbu,banana_and_plantain _vop,104550.798583984,Mtwara
Nanyumbu,bean _vop,421.100006103516,Mtwara
Nanyumbu,cassava _vop,7804095.64544678,Mtwara
Nanyumbu,cereals _vop,6169550.37220764,Mtwara
Nanyumbu,groundnut _vop,3245458.88924408,Mtwara
Nanyumbu,pulses _vop,25331100.4487305,Mtwara
Nanyumbu,rice _vop,1815737.70842743,Mtwara
Nanyumbu,sorghum _vop,1244301.98868179,Mtwara
Nanyumbu,total _vop,73307652.9804688,Mtwara
Nanyumbu,wheat _vop,0,Mtwara
Newala,banana_and_plantain _vop,1802.59997558594,Mtwara
Newala,bean _vop,240189.600891113,Mtwara
Newala,cassava _vop,8972501.109375,Mtwara
Newala,cereals _vop,8321209.28436279,Mtwara
Newala,groundnut _vop,2605214.5,Mtwara
Newala,pulses _vop,14391913.375,Mtwara
Newala,rice _vop,4413299.78125,Mtwara
Newala,sorghum _vop,349885.004638672,Mtwara
Newala,total _vop,61464579.625,Mtwara
Newala,wheat _vop,0,Mtwara
Ngara,banana_and_plantain _vop,22710161.2294922,Kagera
Ngara,bean _vop,5422970.24389648,Kagera
Ngara,cassava _vop,1856562.21699142,Kagera
Ngara,cereals _vop,3271856.09521484,Kagera
Ngara,groundnut _vop,1416426.11737061,Kagera
Ngara,pulses _vop,6311888.72387695,Kagera
Ngara,rice _vop,89534.5001487732,Kagera
Ngara,sorghum _vop,502774.998291016,Kagera
Ngara,total _vop,38402863.1464844,Kagera
Ngara,wheat _vop,0,Kagera
Ngorongoro,banana_and_plantain _vop,22390.6000976563,Arusha
Ngorongoro,bean _vop,2217645.50604248,Arusha
Ngorongoro,cassava _vop,2934.99999237061,Arusha
Ngorongoro,cereals _vop,11124852.8032227,Arusha
Ngorongoro,groundnut _vop,0,Arusha
Ngorongoro,pulses _vop,2301129.29824829,Arusha
Ngorongoro,rice _vop,525422.924987793,Arusha
Ngorongoro,sorghum _vop,1224690.6019249,Arusha
Ngorongoro,total _vop,15842233.6354675,Arusha
Ngorongoro,wheat _vop,80566.4013671875,Arusha
Njombe Rural,banana_and_plantain _vop,0,Njombe
Njombe Rural,bean _vop,3763961.24002075,Njombe
Njombe Rural,cassava _vop,261317.802856445,Njombe
Njombe Rural,cereals _vop,4294305.18719482,Njombe
Njombe Rural,groundnut _vop,1384624.00859451,Njombe
Njombe Rural,pulses _vop,4540171.18933106,Njombe
Njombe Rural,rice _vop,0,Njombe
Njombe Rural,sorghum _vop,13675.0999221802,Njombe
Njombe Rural,total _vop,23310784.8129883,Njombe
Njombe Rural,wheat _vop,263000.900682449,Njombe
Njombe Urban,banana_and_plantain _vop,0,Njombe
Njombe Urban,bean _vop,4972549.10772705,Njombe
Njombe Urban,cassava _vop,43382.2994995117,Njombe
Njombe Urban,cereals _vop,5433836.20709229,Njombe
Njombe Urban,groundnut _vop,66625.9995117188,Njombe
Njombe Urban,pulses _vop,5332582.7644043,Njombe
Njombe Urban,rice _vop,0,Njombe
Njombe Urban,sorghum _vop,16855.8999061585,Njombe
Njombe Urban,total _vop,27651493.4755859,Njombe
Njombe Urban,wheat _vop,440796.401135445,Njombe
Nkasi,banana_and_plantain _vop,5024331.91943359,Rukwa
Nkasi,bean _vop,15973294.9269714,Rukwa
Nkasi,cassava _vop,4565676.91270447,Rukwa
Nkasi,cereals _vop,20505870.0461044,Rukwa
Nkasi,groundnut _vop,5571381.34960938,Rukwa
Nkasi,pulses _vop,15815142.7094421,Rukwa
Nkasi,rice _vop,5683751.78396607,Rukwa
Nkasi,sorghum _vop,1288318.59565735,Rukwa
Nkasi,total _vop,74360429.3164063,Rukwa
Nkasi,wheat _vop,184074.800951958,Rukwa
Nyamagana,banana_and_plantain _vop,93757.298828125,Mwanza
Nyamagana,bean _vop,0,Mwanza
Nyamagana,cassava _vop,456543.703125,Mwanza
Nyamagana,cereals _vop,1779722.4765625,Mwanza
Nyamagana,groundnut _vop,0,Mwanza
Nyamagana,pulses _vop,171905.703125,Mwanza
Nyamagana,rice _vop,1414076.05078125,Mwanza
Nyamagana,sorghum _vop,30152.7998046875,Mwanza
Nyamagana,total _vop,4149814.375,Mwanza
Nyamagana,wheat _vop,0,Mwanza
Nyang'hwale,banana_and_plantain _vop,3661.49995422363,Geita
Nyang'hwale,bean _vop,4747032.984375,Geita
Nyang'hwale,cassava _vop,8547232.890625,Geita
Nyang'hwale,cereals _vop,10708361.875,Geita
Nyang'hwale,groundnut _vop,1069531.69140625,Geita
Nyang'hwale,pulses _vop,5288027.3125,Geita
Nyang'hwale,rice _vop,6149769.765625,Geita
Nyang'hwale,sorghum _vop,120494.099365234,Geita
Nyang'hwale,total _vop,30670301.75,Geita
Nyang'hwale,wheat _vop,0,Geita
Nyasa,banana_and_plantain _vop,876768.202423096,Ruvuma
Nyasa,bean _vop,2304823.77508545,Ruvuma
Nyasa,cassava _vop,1305920.50137901,Ruvuma
Nyasa,cereals _vop,3842163.06483459,Ruvuma
Nyasa,groundnut _vop,0,Ruvuma
Nyasa,pulses _vop,2350679.20166016,Ruvuma
Nyasa,rice _vop,1507600.29894257,Ruvuma
Nyasa,sorghum _vop,0,Ruvuma
Nyasa,total _vop,11157970.4553833,Ruvuma
Nyasa,wheat _vop,22200.400188446,Ruvuma
Nzega,banana_and_plantain _vop,0,Tabora
Nzega,bean _vop,351264.408203125,Tabora
Nzega,cassava _vop,5890922.5201416,Tabora
Nzega,cereals _vop,36265654.34375,Tabora
Nzega,groundnut _vop,9452612.125,Tabora
Nzega,pulses _vop,2098152.0958252,Tabora
Nzega,rice _vop,23819855.546875,Tabora
Nzega,sorghum _vop,647010.000804901,Tabora
Nzega,total _vop,90597180.5820312,Tabora
Nzega,wheat _vop,0,Tabora
Pangani,banana_and_plantain _vop,203201.90625,Tanga
Pangani,bean _vop,0,Tanga
Pangani,cassava _vop,6382.5,Tanga
Pangani,cereals _vop,111523.796875,Tanga
Pangani,groundnut _vop,2977.19995117188,Tanga
Pangani,pulses _vop,7655.39985656738,Tanga
Pangani,rice _vop,57543.8984375,Tanga
Pangani,sorghum _vop,1244.59997558594,Tanga
Pangani,total _vop,4057265.91796875,Tanga
Pangani,wheat _vop,0,Tanga
Rombo,banana_and_plantain _vop,26557985.25,Kilimanjaro
Rombo,bean _vop,6932801.8515625,Kilimanjaro
Rombo,cassava _vop,0,Kilimanjaro
Rombo,cereals _vop,5907820.32116699,Kilimanjaro
Rombo,groundnut _vop,0,Kilimanjaro
Rombo,pulses _vop,7465275.44921875,Kilimanjaro
Rombo,rice _vop,0,Kilimanjaro
Rombo,sorghum _vop,123,Kilimanjaro
Rombo,total _vop,71812335.6724854,Kilimanjaro
Rombo,wheat _vop,43896.6015625,Kilimanjaro
Rorya,banana_and_plantain _vop,21356159.4140625,Mara
Rorya,bean _vop,5674528.95947266,Mara
Rorya,cassava _vop,13826299.8095703,Mara
Rorya,cereals _vop,10151903.9257812,Mara
Rorya,groundnut _vop,212058.001365662,Mara
Rorya,pulses _vop,5731847.53979492,Mara
Rorya,rice _vop,1012400.70507813,Mara
Rorya,sorghum _vop,4280999.92822266,Mara
Rorya,total _vop,55322288.265625,Mara
Rorya,wheat _vop,0,Mara
Ruangwa,banana_and_plantain _vop,0,Lindi
Ruangwa,bean _vop,0,Lindi
Ruangwa,cassava _vop,1008020.87939453,Lindi
Ruangwa,cereals _vop,1944669.4029541,Lindi
Ruangwa,groundnut _vop,0,Lindi
Ruangwa,pulses _vop,7196272.27954102,Lindi
Ruangwa,rice _vop,0,Lindi
Ruangwa,sorghum _vop,639902.606658936,Lindi
Ruangwa,total _vop,31939539.7285156,Lindi
Ruangwa,wheat _vop,0,Lindi
Rufiji,banana_and_plantain _vop,3037127.88671875,Pwani
Rufiji,bean _vop,0,Pwani
Rufiji,cassava _vop,16795970.1812515,Pwani
Rufiji,cereals _vop,19844193.8422852,Pwani
Rufiji,groundnut _vop,0,Pwani
Rufiji,pulses _vop,386830.498580933,Pwani
Rufiji,rice _vop,15176924.9296913,Pwani
Rufiji,sorghum _vop,236829.398620606,Pwani
Rufiji,total _vop,118669039.700684,Pwani
Rufiji,wheat _vop,0,Pwani
Rungwe,banana_and_plantain _vop,104092053.824219,Mbeya
Rungwe,bean _vop,25767456.4306641,Mbeya
Rungwe,cassava _vop,1205576.01721191,Mbeya
Rungwe,cereals _vop,13614699.5281982,Mbeya
Rungwe,groundnut _vop,87782.30078125,Mbeya
Rungwe,pulses _vop,26042373.2929688,Mbeya
Rungwe,rice _vop,2384213.98339844,Mbeya
Rungwe,sorghum _vop,0,Mbeya
Rungwe,total _vop,199075532.09375,Mbeya
Rungwe,wheat _vop,0,Mbeya
Same,banana_and_plantain _vop,6163875.01159668,Kilimanjaro
Same,bean _vop,2990951.4342041,Kilimanjaro
Same,cassava _vop,2759526.99560547,Kilimanjaro
Same,cereals _vop,20589636.6108398,Kilimanjaro
Same,groundnut _vop,0,Kilimanjaro
Same,pulses _vop,5113230.76171875,Kilimanjaro
Same,rice _vop,10040186.6652832,Kilimanjaro
Same,sorghum _vop,6538908.96894455,Kilimanjaro
Same,total _vop,50958256.8657227,Kilimanjaro
Same,wheat _vop,16362.4999847412,Kilimanjaro
Sengerema,banana_and_plantain _vop,2266313.11474609,Mwanza
Sengerema,bean _vop,5202997.37011719,Mwanza
Sengerema,cassava _vop,6300689.18164063,Mwanza
Sengerema,cereals _vop,16388994.4804688,Mwanza
Sengerema,groundnut _vop,0,Mwanza
Sengerema,pulses _vop,5713711.06835938,Mwanza
Sengerema,rice _vop,6014414.65820312,Mwanza
Sengerema,sorghum _vop,615314.400390625,Mwanza
Sengerema,total _vop,44426377.890625,Mwanza
Sengerema,wheat _vop,0,Mwanza
Serengeti,banana_and_plantain _vop,96771.2992706299,Mara
Serengeti,bean _vop,1148754.19287109,Mara
Serengeti,cassava _vop,12344133.9506531,Mara
Serengeti,cereals _vop,9831887.7281189,Mara
Serengeti,groundnut _vop,149356.200386047,Mara
Serengeti,pulses _vop,1160357.60028076,Mara
Serengeti,rice _vop,642446.599731445,Mara
Serengeti,sorghum _vop,2094196.51025391,Mara
Serengeti,total _vop,30862126.2651367,Mara
Serengeti,wheat _vop,0,Mara
Shinyanga Rural,banana_and_plantain _vop,0,Shinyanga
Shinyanga Rural,bean _vop,0,Shinyanga
Shinyanga Rural,cassava _vop,797721.000976563,Shinyanga
Shinyanga Rural,cereals _vop,11195555.53125,Shinyanga
Shinyanga Rural,groundnut _vop,1896256.79882813,Shinyanga
Shinyanga Rural,pulses _vop,3336399.89648438,Shinyanga
Shinyanga Rural,rice _vop,5575090.87890625,Shinyanga
Shinyanga Rural,sorghum _vop,608291.899902344,Shinyanga
Shinyanga Rural,total _vop,22473344.328125,Shinyanga
Shinyanga Rural,wheat _vop,0,Shinyanga
Shinyanga Urban,banana_and_plantain _vop,0,Shinyanga
Shinyanga Urban,bean _vop,0,Shinyanga
Shinyanga Urban,cassava _vop,681958.602539063,Shinyanga
Shinyanga Urban,cereals _vop,2454361,Shinyanga
Shinyanga Urban,groundnut _vop,171124.403320313,Shinyanga
Shinyanga Urban,pulses _vop,272430.896484375,Shinyanga
Shinyanga Urban,rice _vop,1227733.390625,Shinyanga
Shinyanga Urban,sorghum _vop,318815,Shinyanga
Shinyanga Urban,total _vop,7927390.0625,Shinyanga
Shinyanga Urban,wheat _vop,0,Shinyanga
Siha,banana_and_plantain _vop,37158586.375,Kilimanjaro
Siha,bean _vop,4323979.359375,Kilimanjaro
Siha,cassava _vop,296541.797851563,Kilimanjaro
Siha,cereals _vop,6185155.60009766,Kilimanjaro
Siha,groundnut _vop,200194.19921875,Kilimanjaro
Siha,pulses _vop,5915343.8125,Kilimanjaro
Siha,rice _vop,2479264.015625,Kilimanjaro
Siha,sorghum _vop,73074.600194931,Kilimanjaro
Siha,total _vop,59466795.8251953,Kilimanjaro
Siha,wheat _vop,1706334.89819336,Kilimanjaro
Sikonge,banana_and_plantain _vop,6336.89990234375,Tabora
Sikonge,bean _vop,1747424.00315094,Tabora
Sikonge,cassava _vop,1096780.30311584,Tabora
Sikonge,cereals _vop,8836209.42178154,Tabora
Sikonge,groundnut _vop,2709346.10801315,Tabora
Sikonge,pulses _vop,2422585.91291809,Tabora
Sikonge,rice _vop,1702654.20166779,Tabora
Sikonge,sorghum _vop,64121.999835968,Tabora
Sikonge,total _vop,26210920.0369873,Tabora
Sikonge,wheat _vop,0,Tabora
Simanjiro,banana_and_plantain _vop,8054.70007324219,Manyara
Simanjiro,bean _vop,9900837.23828888,Manyara
Simanjiro,cassava _vop,192844.402841568,Manyara
Simanjiro,cereals _vop,7700829.21466065,Manyara
Simanjiro,groundnut _vop,117599.501556397,Manyara
Simanjiro,pulses _vop,10807816.7484283,Manyara
Simanjiro,rice _vop,4649717.8170166,Manyara
Simanjiro,sorghum _vop,54315.6984119415,Manyara
Simanjiro,total _vop,19507503.770813,Manyara
Simanjiro,wheat _vop,1306311.09386063,Manyara
Singida Rural,banana_and_plantain _vop,0,Singida
Singida Rural,bean _vop,539375.703979492,Singida
Singida Rural,cassava _vop,745762.393371582,Singida
Singida Rural,cereals _vop,3220717.49462891,Singida
Singida Rural,groundnut _vop,82008.5002441406,Singida
Singida Rural,pulses _vop,4515504.02734375,Singida
Singida Rural,rice _vop,117589.899993897,Singida
Singida Rural,sorghum _vop,1233957.30029297,Singida
Singida Rural,total _vop,26292393.9765625,Singida
Singida Rural,wheat _vop,0,Singida
Singida Urban,banana_and_plantain _vop,0,Singida
Singida Urban,bean _vop,259434.399230957,Singida
Singida Urban,cassava _vop,854526.8984375,Singida
Singida Urban,cereals _vop,2274523.90625,Singida
Singida Urban,groundnut _vop,0,Singida
Singida Urban,pulses _vop,1313335.09375,Singida
Singida Urban,rice _vop,0,Singida
Singida Urban,sorghum _vop,747604.302734375,Singida
Singida Urban,total _vop,8346120.625,Singida
Singida Urban,wheat _vop,0,Singida
Songea Rural,banana_and_plantain _vop,1406303.29052734,Ruvuma
Songea Rural,bean _vop,3944942.55976105,Ruvuma
Songea Rural,cassava _vop,2993725.88769913,Ruvuma
Songea Rural,cereals _vop,22801930.7002182,Ruvuma
Songea Rural,groundnut _vop,561292.902133942,Ruvuma
Songea Rural,pulses _vop,4197033.29741669,Ruvuma
Songea Rural,rice _vop,8076340.12724686,Ruvuma
Songea Rural,sorghum _vop,3429.89994430542,Ruvuma
Songea Rural,total _vop,40297423.6548462,Ruvuma
Songea Rural,wheat _vop,520.700012207031,Ruvuma
Songea Urban,banana_and_plantain _vop,724457.390625,Ruvuma
Songea Urban,bean _vop,529694.984375,Ruvuma
Songea Urban,cassava _vop,588884.491455078,Ruvuma
Songea Urban,cereals _vop,7271495.5625,Ruvuma
Songea Urban,groundnut _vop,81872.9010009766,Ruvuma
Songea Urban,pulses _vop,560305.703125,Ruvuma
Songea Urban,rice _vop,1208657.8125,Ruvuma
Songea Urban,sorghum _vop,0,Ruvuma
Songea Urban,total _vop,10571512.4375,Ruvuma
Songea Urban,wheat _vop,0,Ruvuma
Songwe,banana_and_plantain _vop,0,Songwe
Songwe,bean _vop,4282272.47123718,Songwe
Songwe,cassava _vop,759906.797615051,Songwe
Songwe,cereals _vop,17731618.7597656,Songwe
Songwe,groundnut _vop,2557868.08343124,Songwe
Songwe,pulses _vop,4325527.79288483,Songwe
Songwe,rice _vop,1310413.19260407,Songwe
Songwe,sorghum _vop,1277321.89532471,Songwe
Songwe,total _vop,30967520.9922485,Songwe
Songwe,wheat _vop,0,Songwe
Sumbawanga Rural,banana_and_plantain _vop,1670477.96953201,Rukwa
Sumbawanga Rural,bean _vop,19034756.7021484,Rukwa
Sumbawanga Rural,cassava _vop,1536955.70410156,Rukwa
Sumbawanga Rural,cereals _vop,39094980.2441406,Rukwa
Sumbawanga Rural,groundnut _vop,3659746.89111328,Rukwa
Sumbawanga Rural,pulses _vop,19975020.1162109,Rukwa
Sumbawanga Rural,rice _vop,18224401.1425781,Rukwa
Sumbawanga Rural,sorghum _vop,2711667.59277344,Rukwa
Sumbawanga Rural,total _vop,92723712.3652344,Rukwa
Sumbawanga Rural,wheat _vop,230812.398872376,Rukwa
Sumbawanga Urban,banana_and_plantain _vop,1041581.77978516,Rukwa
Sumbawanga Urban,bean _vop,8013068.5390625,Rukwa
Sumbawanga Urban,cassava _vop,20328.1002502441,Rukwa
Sumbawanga Urban,cereals _vop,5982534.58398438,Rukwa
Sumbawanga Urban,groundnut _vop,78445.2006835938,Rukwa
Sumbawanga Urban,pulses _vop,7933731.20703125,Rukwa
Sumbawanga Urban,rice _vop,0,Rukwa
Sumbawanga Urban,sorghum _vop,0,Rukwa
Sumbawanga Urban,total _vop,37070770.09375,Rukwa
Sumbawanga Urban,wheat _vop,206402.498901367,Rukwa
Tabora,banana_and_plantain _vop,0,Tabora
Tabora,bean _vop,168566.299804688,Tabora
Tabora,cassava _vop,721057.901855469,Tabora
Tabora,cereals _vop,6165358.87890625,Tabora
Tabora,groundnut _vop,1309698.09375,Tabora
Tabora,pulses _vop,281871.096984863,Tabora
Tabora,rice _vop,3793767.85742187,Tabora
Tabora,sorghum _vop,35618.1000976563,Tabora
Tabora,total _vop,11473178.2734375,Tabora
Tabora,wheat _vop,0,Tabora
Tandahimba,banana_and_plantain _vop,0,Mtwara
Tandahimba,bean _vop,0,Mtwara
Tandahimba,cassava _vop,8070329.53320313,Mtwara
Tandahimba,cereals _vop,4248329.5859375,Mtwara
Tandahimba,groundnut _vop,7538005.21875,Mtwara
Tandahimba,pulses _vop,6411677.625,Mtwara
Tandahimba,rice _vop,2676086.11328125,Mtwara
Tandahimba,sorghum _vop,358636.09916687,Mtwara
Tandahimba,total _vop,73337972.96875,Mtwara
Tandahimba,wheat _vop,0,Mtwara
Tanga,banana_and_plantain _vop,0,Tanga
Tanga,bean _vop,0,Tanga
Tanga,cassava _vop,0,Tanga
Tanga,cereals _vop,0,Tanga
Tanga,groundnut _vop,0,Tanga
Tanga,pulses _vop,2329.19995117188,Tanga
Tanga,rice _vop,0,Tanga
Tanga,sorghum _vop,0,Tanga
Tanga,total _vop,4494643.859375,Tanga
Tanga,wheat _vop,0,Tanga
Tarime,banana_and_plantain _vop,30533249.265625,Mara
Tarime,bean _vop,5847780.578125,Mara
Tarime,cassava _vop,10823285.9785156,Mara
Tarime,cereals _vop,9467622.921875,Mara
Tarime,groundnut _vop,63107.9008789063,Mara
Tarime,pulses _vop,6573421.3046875,Mara
Tarime,rice _vop,654676.70703125,Mara
Tarime,sorghum _vop,4529414.48632812,Mara
Tarime,total _vop,70747553.375,Mara
Tarime,wheat _vop,0,Mara
Temeke,banana_and_plantain _vop,2282873.22070313,Dar es Salaam
Temeke,bean _vop,0,Dar es Salaam
Temeke,cassava _vop,696144.094726563,Dar es Salaam
Temeke,cereals _vop,834644.700195313,Dar es Salaam
Temeke,groundnut _vop,0,Dar es Salaam
Temeke,pulses _vop,21224.0000610352,Dar es Salaam
Temeke,rice _vop,519121.701171875,Dar es Salaam
Temeke,sorghum _vop,49415.599609375,Dar es Salaam
Temeke,total _vop,31062596.546875,Dar es Salaam
Temeke,wheat _vop,0,Dar es Salaam
Tunduma,banana_and_plantain _vop,873.100025177002,Songwe
Tunduma,bean _vop,704732.215820313,Songwe
Tunduma,cassava _vop,143225.700439453,Songwe
Tunduma,cereals _vop,1914966.8046875,Songwe
Tunduma,groundnut _vop,302862.298828125,Songwe
Tunduma,pulses _vop,717294.689453125,Songwe
Tunduma,rice _vop,447727.592285156,Songwe
Tunduma,sorghum _vop,339960.100769043,Songwe
Tunduma,total _vop,4899314.484375,Songwe
Tunduma,wheat _vop,0,Songwe
Tunduru,banana_and_plantain _vop,0,Ruvuma
Tunduru,bean _vop,521240.699691773,Ruvuma
Tunduru,cassava _vop,6198765.98001099,Ruvuma
Tunduru,cereals _vop,28168473.6940308,Ruvuma
Tunduru,groundnut _vop,1334327.39834595,Ruvuma
Tunduru,pulses _vop,3029675.0925293,Ruvuma
Tunduru,rice _vop,21610247.8333168,Ruvuma
Tunduru,sorghum _vop,624693.701229096,Ruvuma
Tunduru,total _vop,48970524.4537659,Ruvuma
Tunduru,wheat _vop,0,Ruvuma
Ukerewe,banana_and_plantain _vop,,Mwanza
Ukerewe,bean _vop,,Mwanza
Ukerewe,cassava _vop,,Mwanza
Ukerewe,cereals _vop,,Mwanza
Ukerewe,groundnut _vop,,Mwanza
Ukerewe,pulses _vop,,Mwanza
Ukerewe,rice _vop,,Mwanza
Ukerewe,sorghum _vop,,Mwanza
Ukerewe,total _vop,,Mwanza
Ukerewe,wheat _vop,,Mwanza
Ulanga,banana_and_plantain _vop,1323950.61120987,Morogoro
Ulanga,bean _vop,2486215.79050446,Morogoro
Ulanga,cassava _vop,1915194.50620079,Morogoro
Ulanga,cereals _vop,19635141.3165207,Morogoro
Ulanga,groundnut _vop,206466.200584412,Morogoro
Ulanga,pulses _vop,6988038.63580322,Morogoro
Ulanga,rice _vop,12867067.3287392,Morogoro
Ulanga,sorghum _vop,238849.700429916,Morogoro
Ulanga,total _vop,34742202.2116699,Morogoro
Ulanga,wheat _vop,0,Morogoro
Urambo,banana_and_plantain _vop,0,Tabora
Urambo,bean _vop,4518568.98266602,Tabora
Urambo,cassava _vop,2134489.40310669,Tabora
Urambo,cereals _vop,6779550.11676788,Tabora
Urambo,groundnut _vop,4042632.89314651,Tabora
Urambo,pulses _vop,4519375.46923828,Tabora
Urambo,rice _vop,1392367.39437103,Tabora
Urambo,sorghum _vop,51858.6002540588,Tabora
Urambo,total _vop,58829532.5727539,Tabora
Urambo,wheat _vop,0,Tabora
Uvinza,banana_and_plantain _vop,72115732.1667481,Kigoma
Uvinza,bean _vop,16615298.8176498,Kigoma
Uvinza,cassava _vop,20938509.8445435,Kigoma
Uvinza,cereals _vop,28480043.8134918,Kigoma
Uvinza,groundnut _vop,6474961.22363281,Kigoma
Uvinza,pulses _vop,22052482.0741882,Kigoma
Uvinza,rice _vop,17454009.5710449,Kigoma
Uvinza,sorghum _vop,0,Kigoma
Uvinza,total _vop,201021458.018799,Kigoma
Uvinza,wheat _vop,0,Kigoma
Uyui,banana_and_plantain _vop,0,Tabora
Uyui,bean _vop,2816068.89120483,Tabora
Uyui,cassava _vop,2413345.09072876,Tabora
Uyui,cereals _vop,14762816.6896973,Tabora
Uyui,groundnut _vop,62553564.2098389,Tabora
Uyui,pulses _vop,3465563.90789795,Tabora
Uyui,rice _vop,6882916.79150391,Tabora
Uyui,sorghum _vop,923251.298770905,Tabora
Uyui,total _vop,107928809.642578,Tabora
Uyui,wheat _vop,0,Tabora
Wanging'ombe,banana_and_plantain _vop,351089.69934082,Njombe
Wanging'ombe,bean _vop,7411735.7890625,Njombe
Wanging'ombe,cassava _vop,3023080.38790131,Njombe
Wanging'ombe,cereals _vop,10072183.5875244,Njombe
Wanging'ombe,groundnut _vop,15130947.546875,Njombe
Wanging'ombe,pulses _vop,10528099.9475708,Njombe
Wanging'ombe,rice _vop,0,Njombe
Wanging'ombe,sorghum _vop,32329.9996757507,Njombe
Wanging'ombe,total _vop,74680858.9829102,Njombe
Wanging'ombe,wheat _vop,613795.503417969,Njombe
Wete,banana_and_plantain _vop,,Kaskazini Pemba
Wete,bean _vop,,Kaskazini Pemba
Wete,cassava _vop,,Kaskazini Pemba
Wete,cereals _vop,,Kaskazini Pemba
Wete,groundnut _vop,,Kaskazini Pemba
Wete,pulses _vop,,Kaskazini Pemba
Wete,rice _vop,,Kaskazini Pemba
Wete,sorghum _vop,,Kaskazini Pemba
Wete,total _vop,,Kaskazini Pemba
Wete,wheat _vop,,Kaskazini Pemba
